name,blank,blank2
Škoda 100 110 (1969–1977),,
Škoda 1000 MB (1964–1969),,
Škoda 105 120 125 (1976–1990),,
Škoda 110 R (1970–1980),,
Škoda 1100 GT,,
Škoda 1101 “Tudor”,,
Škoda 1101 Tudor (1946–1949),,
Škoda 1102 (1948-1952),,
Škoda 1200 (1952–1955),,
Škoda 1201 (1955–1962),,
Škoda 1202 (1961–1973),,
Škoda 1203 (1968–1999),,
Škoda 130 135 136 (1984–1990),,
Škoda 420 Standard Rapid Popular (1933-1938),,
Škoda 422 (1929-1932),,
Škoda 430 (1929–1936),,
Škoda 440 445 450 (1955–1959),,
Škoda 633 (1931-1934),,
Škoda 637 (1932–1935),,
Škoda Fabia first generation (1999–2007),,
Škoda Favorit (1936-1941),,
Škoda Favorit Forman Pick-up (1987–1995),,
Škoda Felicia (1959–1964),,
Škoda Felicia (1994–2001),,
Škoda Garde (1981–1984),,
Škoda MissionL,,
Škoda Octavia Combi (1964–1971),,
Škoda Octavia first generation (1996–2004, Tour 2004–2010),,
Škoda Rapid (1935-1947),,
Škoda Rapid (1984) (1984–1990),,
Škoda Superb (1934–1943),,
Škoda Superb OHV (1946–1949),,
Škoda Vision D,,
Škoda VisionC,,
Škoda VOS (1949–1952),,
1900–1901 Bugatti Type 2,,
1903 Bugatti Type 5,,
1908 Bugatti Type 10 Petit Pur Sang,,
1910 Bugatti Type 13[5],,
1910–1914 Bugatti Type 13 Type 15 17 22,,
1912 Bugatti Type 16 Bébé,,
1912–1914 Bugatti Type 18,,
1913–1914 Bugatti Type 23 Brescia Tourer (roadster),,
1922–1926 Bugatti Type 29 Cigare,,
1922–1934 Bugatti Type 30 38 40 43 44 49 (touring car),,
1923 Type Bugatti 32 Tank,,
1924–1930 Bugatti Type 35 35A 35B 35T 35C 37 39 Grand Prix,,
1925 Bugatti Type 36,,
1927–1930 Bugatti Type 52 (electric racer for children),,
1927–1933 Bugatti Type 41 Royale,,
1929–1930 Bugatti Type 45 47,,
1929–1939 Bugatti Type 46 50 50T (touring car),,
1931–1936 Bugatti Type 51 51A 54GP 59,,
1931–1936 Bugatti Type 53,,
1932 Ford Model B,,
1932–1935 Bugatti Type 55 (roadster),,
1934–1940 Bugatti Type 57 57S Type 57SC (touring car),,
1936 Pontiac Master Six Coupe,,
1936–1939 Bugatti Type 57G “Tank”,,
1937–1939 Bugatti Type 50B,,
1939 Bugatti Type 64 (coupe),,
1941 Ford,,
1943 1947 Bugatti Type 73C,,
1948 Pontiac Silver Streak Convertible Coupe,,
1949 Ford,,
1951–1956 Bugatti Type 101 (coupe),,
1952 Ford,,
1955 Ford,,
1955–1956 Bugatti Type 251,,
1956 Pontiac Canadian Pathfinder Sedan Delivery,,
1957 Chevrolet,,
1957 Ford,,
1957–1962 Bugatti Type 252 (2-seater sports convertible),,
1959 Pontiac Bonneville,,
1960 Ford,,
1964 Pontiac Bonneville Brougham,,
1969 Pontiac GTO convertible,,
1973 Pontiac Grand Am,,
1974–1981 Kia Brisa,,
1975 Pontiac Astre,,
1975 Pontiac Grand Ville,,
1975–1981 Kia Brisa II K303,,
1985 Pontiac Fiero Sport Coupe,,
1985 Pontiac Firebird Trans-Am,,
1987 Daihatsu Rocky 4WD,,
1987–1996 Kia Concord Capital,,
1993 Eco Sprinter and Eco Speedster Concepts,,
2000–2002 Kia Combi (originally by Asia, since 1983),,
2000–2009 Kia Spectra,,
2015 Cherokee Model,,
2015 Compass Altitude,,
2015 Compass High Altitude,,
2015 Compass Model,,
2015 Patriot Altitude,,
2015 Patriot High Altitude,,
2015 Patriot Model,,
2015 Wrangler Altitude,,
2015 Wrangler Unlimited Altitude,,
2015 Wrangler Unlimited X Edition,,
2015 Wrangler X Edition,,
2016 Black Ram (1500 Express),,
2016 Ram 1500 Black (Sport Appearance Package),,
2016 RAM 1500 REBEL (MOPAR ’16),,
2016 RAM 1500 Stinger Yellow (Sport Appearance Package),,
2016 Ram 2500 Big horn (Black Appearance Group),,
2016 Ram 2500 Laramie (Sport Appearance Group),,
2016 Ram 3500 Big horn (Black Appearance Group),,
2016 Ram 3500 Laramie (Sport Appearance Group),,
320i,,
3DR (Hatchback),,
3Form,,
3Form Sport,,
3Style,,
3Time,,
5DR (Hatchback),,
5DR (Liftback),,
917 TGE-A,,
A.C. 2-Litre,,
A.L.F.A 24 HP,,
A.L.F.A 40 60 HP,,
A.L.F.A. 40 60 GP,,
Abarth 1000,,
Abarth 1000 Berlina,,
Abarth 1000 Berlina Corsa,,
Abarth 1000 Bialbero Zagato,,
Abarth 1000 TCR Berlina,,
Abarth 1000 TCR Berlina Corsa,,
Abarth 1000TC Berlina Corsa,,
Abarth 1100 Scorpione Spider (Boano),,
Abarth 124 Rally,,
Abarth 124 Spider,,
Abarth 1300 Scorpione,,
Abarth 1500 Biposto,,
Abarth 2000 Coupe,,
Abarth 204A Berlinetta,,
Abarth 205 Monza,,
Abarth 205A,,
Abarth 205A Berlinetta,,
Abarth 207A Spyder,,
Abarth 209A Boano Coupe,,
Abarth 2200,,
Abarth 2400,,
Abarth 3000 Prototipo,,
Abarth 500,,
Abarth 595,,
Abarth 595 COMPETIZIONE,,
Abarth 595 Esseesse,,
Abarth 595 Pista,,
Abarth 595 SS,,
Abarth 595 Turismo,,
Abarth 695 70th ANNIVERSARIO,,
Abarth 695 SS,,
Abarth 750,,
Abarth 750 Berlina (Derivazione),,
Abarth 750 GT Zagato,,
Abarth 750 Zagato Monza,,
Abarth 850 Allemano coupe,,
Abarth 850TC Berlina,,
Abarth 850TC Corsa,,
Abarth 850TC Nürburgring,,
Abarth 850TC Nürburgring Corsa,,
Abarth Allemano 750 Spider,,
Abarth Grande Punto,,
Abarth Grande Punto SS,,
Abarth Monomille,,
Abarth OT 1000,,
Abarth OT 1300,,
Abarth OT 1600,,
Abarth OT 2000 Competition Coupe,,
Abarth Punto Evo,,
Abarth Punto Supersport,,
Abarth Simca 1300 GT,,
Abarth Simca 2000,,
Abarth Zagato 750,,
AC 10 open 2-seater,,
AC 12 hp,,
AC 12 Royal,,
AC 16 Royal saloon,,
AC 16 80 open 2-seater,,
AC 2-Litre,,
AC 212 S C,,
AC 3000ME,,
AC 378 GT Zagato,,
AC 428 Frua,,
AC Ace,,
AC Ace V8,,
AC Aceca,,
AC Autocarrier,,
AC Brooklands Aceca,,
AC Cobra,,
AC Cobra Mark II,,
AC Frua,,
AC Greyhound,,
AC Invacar Model 57,,
AC Invalid Carriage,,
AC Invicar,,
AC MK II,,
AC MK VI,,
AC Mk VI GT Big Block,,
AC Mk VI GTS,,
AC Mk VI GTSR,,
AC Petite,,
AC single-seater,,
AC Six,,
AC Sociable,,
AC Ten,,
AC Zagato Concept,,
Acura ARX-01 HPD ARX-01,,
Acura ARX-02a,,
Acura CL,,
Acura CSX,,
Acura EL,,
Acura ILX,,
Acura Integra,,
Acura Legend,,
Acura MDX,,
Acura NSX,,
Acura RDX,,
Acura RL,,
Acura RLX,,
Acura RSX,,
Acura TL,,
Acura TLX,,
Acura TSX,,
Acura Vigor,,
Acura ZDX,,
Advanced Lightweight Coupe Concept,,
Aero 2 Seater Sport,,
Aixam 400,,
Aixam City GTO,,
Aixam City Pack,,
Aixam City Premium,,
Aixam City Sport,,
Aixam City Sporty,,
Aixam Coupe Evo,,
Aixam Coupe GTi,,
Aixam Coupe Premium,,
Aixam Crossline,,
Aixam Crossline City Pack,,
Aixam Crossline City Premium,,
Aixam Crossline Evo,,
Aixam Crossline GT,,
Aixam Crossover GTR,,
Aixam Crossover Premium,,
Aixam D TRUCK Fourgon,,
Aixam D TRUCK Plateau Ridelles,,
Aixam e TRUCK Fourgon,,
Aixam e TRUCK Plateau Ridelles,,
Aixam Light Quadricycle,,
Aixam Mega Club Cabriolet,,
Aixam Mega MultiTruck,,
Aixam Mega Ranch Cabriolet,,
Aixam Mega Track,,
Aixam Minauto Access,,
Aixam Scouty GTR,,
Alfa Romeo 105 Series Coupes,,
Alfa Romeo 105 115 series coupes,,
Alfa Romeo 12C,,
Alfa Romeo 14,,
Alfa Romeo 145,,
Alfa Romeo 146,,
Alfa Romeo 147,,
Alfa Romeo 155,,
Alfa Romeo 156,,
Alfa Romeo 159,,
Alfa Romeo 164,,
Alfa Romeo 166,,
Alfa Romeo 169,,
Alfa Romeo 1750,,
Alfa Romeo 1750 Berlina,,
Alfa Romeo 1900,,
Alfa Romeo 20 30 HP,,
Alfa Romeo 20 30 HP ES Sport,,
Alfa Romeo 2000,,
Alfa Romeo 2000 Berlina,,
Alfa Romeo 2600,,
Alfa Romeo 33,,
Alfa Romeo 33 Stradale,,
Alfa Romeo 33.2,,
Alfa Romeo 4C COUPE(2013–present)-2-door coupe,,
Alfa Romeo 4C LAUNCH EDITION(2013),,
Alfa Romeo 4C SPIDER(2013–present)-2-door roadster,,
Alfa Romeo 6C,,
Alfa Romeo 75   Milano,,
Alfa Romeo 8C,,
Alfa Romeo 8C Competizione   Alfa Romeo 8C Spider,,
Alfa Romeo 90,,
Alfa Romeo Alfa 6,,
Alfa Romeo Alfasud,,
Alfa Romeo Alfetta,,
Alfa Romeo Arna,,
Alfa Romeo Brera and Spider,,
Alfa Romeo Disco Volante,,
Alfa Romeo G1,,
Alfa Romeo Giulia,,
Alfa Romeo Giulia Compact-executive car,,
Alfa Romeo GIULIA QUADRIFOGLIO,,
Alfa Romeo Giulia TZ,,
Alfa Romeo Giulietta(2010–present)-5-door hatchback,,
Alfa Romeo Gran Sport Quattroruote,,
Alfa Romeo GTA,,
Alfa Romeo GTV and Spider,,
Alfa Romeo GTV6,,
Alfa Romeo Kamal,,
Alfa Romeo Matta,,
Alfa Romeo MiTo,,
Alfa Romeo Montreal,,
Alfa Romeo P1,,
Alfa Romeo P2,,
Alfa Romeo P3,,
Alfa Romeo RL,,
Alfa Romeo RM,,
Alfa Romeo Spider,,
Alfa Romeo Sprint,,
Alfa Romeo Stelvio,,
Alfa Romeo SZ,,
Alfa Romeo Tipo 308,,
Alfa Romeo Tipo 33,,
Alfa Romeo Tipo 512,,
Alfa Romeo Tipo A,,
Alpine A106,,
Alpine A110,,
Alpine A110 Berlinette,,
Alpine A110 Berlinette 1300G,,
Alpine A110 Berlinette Group 4,,
Alpine A210,,
Alpine A220,,
Alpine A310 V6 GT Pack,,
Alpine A441,,
Alpine A442,,
Alpine A450,,
Alpine A460,,
Alpine A470,,
Alpine GTA,,
Alpine M65,,
Alpine V6 Turbo Le Mans 1990,,
Alpine Vision,,
Arash AF10,,
Arash AF8 Cassini,,
Arash Farbio GTS,,
Arash Farbio GTS 350,,
Ariel Ace,,
Ariel Atom,,
Ariel Convertible,,
Ascari A10,,
Ascari A410,,
Ascari Ecosse,,
Ascari FGT,,
Ascari KZ1 GT3,,
Ascari KZ1 R,,
Ascari KZ1R GT3,,
Aston Martin 12 50 Standard,,
Aston Martin 15 98,,
Aston Martin 2-Litre Sports,,
Aston Martin 2 litre C-Type,,
Aston Martin 2 Litre Speed,,
Aston Martin CC100,,
Aston Martin Cygnet (Hatchback – 2011-2012),,
Aston Martin DB AR1,,
Aston Martin DB Mark III,,
Aston Martin DB11 Coupe,,
Aston Martin DB2,,
Aston Martin DB2 4,,
Aston Martin DB3,,
Aston Martin DB4,,
Aston Martin DB4 GT Zagato,,
Aston Martin DB5,,
Aston Martin DB6,,
Aston Martin DB7,,
Aston Martin DB7 Zagato,,
Aston Martin DB9,,
Aston Martin DBS,,
Aston Martin DBS Coupe (2-door Coupe – 2007-2012),,
Aston Martin DBS V12,,
Aston Martin DBS Volante (2-door Coupe – 2009-2012),,
Aston Martin First Series,,
Aston Martin Halford Special,,
Aston Martin International Le Mans,,
Aston Martin Lagonda,,
Aston Martin Lagonda 3-Litre,,
Aston Martin Lagonda Rapide,,
Aston Martin Le Mans,,
Aston Martin Mark II,,
Aston Martin One 77,,
Aston Martin Rapide,,
Aston Martin Rapide S,,
Aston Martin Short Chassis Volante,,
Aston Martin Standard Sports,,
Aston Martin Ulster,,
Aston Martin V12 Vanquish S,,
Aston Martin V12 Zagato (Coupe – 2011-2012),,
Aston Martin V8,,
Aston Martin V8 Vantage S,,
Aston Martin V8 Zagato,,
Aston Martin Vanquish,,
Aston Martin Vanquish S,,
Aston Martin Vantage,,
Aston Martin Virage,,
Audi 100, Audi 200, Audi 5000,,
Audi 4000CS,,
Audi 4000CS Quattro,,
Audi 4000s,,
Audi 4000s Quattro,,
Audi 50 (86),,
Audi 5000CS,,
Audi 5000CS Quattro,,
Audi 5000S,,
Audi 80, Audi 90,,
Audi 80 90,,
Audi 90,,
Audi A1,,
Audi A2,,
Audi A3,,
Audi A4,,
Audi A5,,
Audi A6,,
Audi A7,,
Audi A7 Sportback,,
Audi A8,,
Audi A8 L,,
Audi AI me,,
Audi AI Trail Quattro,,
Audi Aicon,,
Audi Allroad,,
Audi Avantissimo,,
Audi Avus Quattro,,
Audi Cabriolet,,
Audi Coupé,,
Audi Coupé B2 (81 85),,
Audi Coupe GT,,
Audi Coupe Quattro,,
Audi e-tron,,
Audi e-tron GT,,
Audi Elaine,,
Audi F103,,
Audi Le Mans quattro,,
Audi Lemans Quattro,,
Audi Nanuk Quattro,,
Audi Nuvolari quattro,,
Audi PB18 e-tron,,
Audi Pikes Peak quattro,,
Audi Pop.Up Next,,
Audi Prologue,,
Audi Prologue Allroad,,
Audi Q3,,
Audi Q4 e-tron,,
Audi Q5,,
Audi Q7,,
Audi Quartz,,
Audi Quattro,,
Audi Quattro B2 (85),,
Audi Quattro Spyder,,
Audi R10 TDI,,
Audi R15 TDI,,
Audi R8 Coupe,,
Audi R8 Spyder,,
Audi R8C,,
Audi R8R,,
Audi Roadjet,,
Audi Rosemeyer,,
Audi RS 2 Avant,,
Audi RS 4,,
Audi RS 6 quattro,,
Audi RS2 Avant (8C),,
Audi RS4,,
Audi RS4 quattro,,
Audi RS5,,
Audi RS6,,
Audi RSQ,,
Audi S2,,
Audi S3,,
Audi S4,,
Audi S5 (B8 8T),,
Audi S6,,
Audi S8,,
Audi Shooting Brake,,
Audi Space Frame,,
Audi Sportback concept,,
Audi Steppenwolf,,
Audi TT Car Model,,
Audi Ur-S4   Ur-S6,,
Audi V8 (4C),,
Austin Mini Saloon,,
Austin Mini Saloon De Luxe,,
Austin Mini Super Deluxe,,
Auto Avio Costruzioni 815,,
Autobianchi A112 Abarth 70HP,,
Baic A523,,
Baic BJ100,,
BAIC BJ20,,
BAIC BJ2020,,
BAIC BJ2022,,
BAIC BJ2023,,
BAIC BJ212,,
BAIC BJ40,,
BAIC BJ80,,
BAIC Concept 900,,
BAIC H5 Bayanihan,,
BAIC M20,,
BAIC MZ40,,
BAIC MZ45,,
Baic Senova,,
Baic Senova C51X,,
BAIC X424,,
Bentayga Hybrid,,
Bentley 8 Litre 4-door sports saloon,,
Bentley Arnage,,
Bentley Arnage T,,
Bentley Azure Mulliner,,
Bentley Bentayga SUV,,
Bentley Bentley 3-Litre,,
Bentley Bentley 8-Litre,,
Bentley Bentley Blower,,
Bentley Brooklands,,
Bentley Continental,,
Bentley Continental Flying Spur,,
Bentley Continental GT,,
Bentley Continental GT (II),,
Bentley Continental Supersports,,
Bentley Mark VI,,
Bentley Mulsanne,,
Bentley Mulsanne Turbo,,
Bentley R-Type Continental,,
Bentley S series Standard Saloon,,
Bentley Speed Six,,
Bentley T series Standard Saloon,,
Benz Patent-Motorwagen,,
Bertone Ramarro,,
BJ2021,,
BJ2022LC Warrior,,
BJ2023BJ2023,,
Blower Bentley,,
BMW   EMW 340,,
BMW 02 Series,,
BMW 1 Series,,
BMW 128,,
BMW 135,,
BMW 1600,,
BMW 2 Series Active Tourer,,
BMW 2 Series Coupe,,
BMW 2002,,
BMW 2002ti,,
BMW 2002tii,,
BMW 3 Series Compact,,
BMW 3 Series Gran Turismo,,
BMW 3 Series Sedan,,
BMW 3.0 CSL Hommage,,
BMW 3 20,,
BMW 315,,
BMW 320,,
BMW 3200 CS,,
BMW 321,,
BMW 325,,
BMW 325is E30,,
BMW 326,,
BMW 327,,
BMW 328,,
BMW 328 Hommage,,
BMW 330,,
BMW 333i E30,,
BMW 335,,
BMW 340,,
BMW 4 Series Coupe,,
BMW 4 Series Gran Coupe,,
BMW 4Series Coupe,,
BMW 5 Series,,
BMW 5 Series Gran Turismo,,
BMW 5 Series GT,,
BMW 501,,
BMW 503,,
BMW 507,,
BMW 525,,
BMW 528,,
BMW 530,,
BMW 530 MLE,,
BMW 531,,
BMW 535,,
BMW 545,,
BMW 550,,
BMW 550i,,
BMW 6 Series,,
BMW 600,,
BMW 645,,
BMW 650,,
BMW 7 Series,,
BMW 700,,
BMW 745,,
BMW 745i E23,,
BMW 750,,
BMW 750hL,,
BMW 750i E38,,
BMW 760,,
BMW 8 Series (E31),,
BMW 8er Concept,,
BMW Active Tourer Concept,,
BMW C 31,,
BMW Compact,,
BMW Concept 4,,
BMW Concept 6 series Coupe,,
BMW Concept Active Tourer,,
BMW Concept CS,,
BMW Concept X1,,
BMW concept X2,,
BMW concept X4,,
BMW Concept X6,,
BMW Concept X6 ActiveHybrid,,
BMW E1,,
BMW E24,,
BMW E9,,
BMW F07,,
BMW F3,,
BMW Gina,,
BMW Gran Lusso,,
BMW H2R,,
BMW Hydrogen 7,,
BMW i Hydrogen,,
BMW i Next,,
BMW i Vision Dynamics,,
BMW i3 concept,,
BMW i3 coupe,,
BMW I8,,
BMW i8 Concept,,
BMW iX3,,
BMW M Coupe,,
BMW M Roadster,,
BMW M1,,
BMW M1 Hommage,,
BMW M3,,
BMW M4,,
BMW M5,,
BMW M5 E28,,
BMW M6,,
BMW M8,,
BMW Mille Miglia,,
BMW Mini E,,
BMW Nazca C2,,
BMW New Class,,
BMW New Six,,
BMW Turbo,,
BMW V7,,
BMW Vision ConnectedDrive,,
BMW Vision Future Luxury concept,,
BMW X1,,
BMW X2,,
BMW X3,,
BMW X4,,
BMW X5,,
BMW X6,,
BMW X6M,,
BMW X7 Concept,,
BMW Z1,,
BMW Z22,,
BMW Z3,,
BMW Z4,,
BMW Z4 Concept,,
BMW Z4 Roadster,,
BMW Z4 Zagato Coupe,,
BMW Z8,,
BMW Z9,,
BMW Zagato Roadster,,
BMW EMW 327,,
Borgward 2,,
Borgward 2000,,
Borgward 230,,
Borgward 2300,,
Borgward BX5 Car Model,,
Borgward BX7,,
Borgward BX7 TS,,
Borgward Hansa,,
Borgward Hansa 1500,,
Borgward Hansa 1500 Sportcoupe,,
Borgward Hansa 1800,,
Borgward Hansa 1800 D,,
Borgward Hansa 2400,,
Borgward Isabella,,
Borgward Isabella TS deluxe,,
Borgward LKW-SST,,
Borgward P100,,
Brabus Tailor Made,,
Brilliance Auto FSV Sport,,
Brilliance BC3,,
Brilliance BS6,,
Brilliance FRV,,
Brilliance FRV Cross,,
Brilliance FSV,,
Brilliance H220,,
Brilliance H230,,
Brilliance H3,,
Brilliance H320,,
Brilliance H330,,
Brilliance H530,,
Brilliance M2,,
Brilliance V3,,
Brilliance V5,,
Brilliance V6,,
Brilliance V7,,
Bristol 400,,
Bristol 401,,
Bristol 403,,
Bristol 404,,
Bristol 405,,
Bristol 405 Drop Head,,
Bristol 406,,
Bristol 407,,
Bristol 407 Zagato,,
Bristol 408,,
Bristol 409,,
Bristol 410,,
Bristol 411,,
Bristol 411 Series 1,,
Bristol 411 Series 4,,
Bristol 412,,
Bristol Bullet,,
Bristol Fighter,,
Bristol Type 603,,
BTC-T Proton Impian,,
Bufori BMS R1,,
Bufori Geneva,,
Bufori La Joya,,
Bufori La Joya Coupe,,
Bufori Madison,,
Bufori MK II,,
Bufori MK II Series 1,,
Bufori MKIII La Joya,,
Bufori V6i,,
Bugatti 18 3 Chiron,,
Bugatti Chiron,,
Bugatti EB 110,,
Bugatti EB118,,
Bugatti Royale,,
Bugatti Type 18 Garros,,
Bugatti Type 252,,
Bugatti Type 32,,
Bugatti Type 35,,
Bugatti Type 37,,
Bugatti Type 39,,
Bugatti Type 40,,
Bugatti Type 41 Royale,,
Bugatti Type 43,,
Bugatti Type 44,,
Bugatti Type 50,,
Bugatti Type 56 (electric car),,
Bugatti Type 57S Atalante number 57502,,
Bugatti Veyron,,
Bugatti Veyron EB16.4,,
Buick 5-Passenger,,
Buick 8-50,,
Buick 8-90,,
Buick 8-90 Master,,
Buick Apollo,,
Buick Bengal,,
Buick Blackhawk,,
Buick Bug Race,,
Buick Cascada,,
Buick Centieme,,
Buick Centurion,,
Buick Century,,
Buick Century Series 60,,
Buick Coachbuilder,,
Buick Convertible,,
Buick Electra,,
Buick Empire Series 40,,
Buick Enclave,,
Buick Encore,,
Buick ENVISION,,
Buick Estate,,
Buick Estate Wagon,,
Buick GL8,,
Buick Gran Sport,,
Buick GSX,,
Buick Hearse,,
Buick Invicta,,
Buick LaCrosse,,
Buick LeSabre,,
Buick Limited,,
Buick Lucerne,,
Buick Marquette,,
Buick Master,,
Buick Master Series 60,,
Buick Model 17,,
Buick NA 8 50,,
Buick NA 8 60,,
Buick NA 8 90,,
Buick Park Avenue,,
Buick Park Avenue Essence,,
Buick Rainier,,
Buick Reatta,,
Buick Regal,,
Buick Regal GS,,
Buick REGAL TOURX,,
Buick Rendezvous,,
Buick Riviera,,
Buick Riviera Gran Sport,,
Buick Riviera GS,,
Buick Roadmaster,,
Buick Roadmaster Riviera,,
Buick Roadster,,
Buick Series 40 DA,,
Buick Series 40 Special,,
Buick Skyhawk,,
Buick Skylark,,
Buick Skylark Gran Sport,,
Buick Somerset,,
Buick Special,,
Buick Sport Wagon,,
Buick Super,,
Buick Terraza,,
Buick Vanderbilt Cup,,
Buick Velite,,
Buick Verano,,
Buick Wildcat,,
Buick Y-Job,,
BYD e6,,
BYD F0,,
BYD F3,,
BYD F3DM,,
BYD F5 Suri,,
BYD F6,,
BYD G3,,
BYD G6,,
BYD L3,,
BYD M6,,
BYD Qin,,
BYD S7,,
BYD Tang,,
Byton K-Byte,,
Byton K Byte Concept,,
Byton M Byte,,
Cadillac Allanté,,
Cadillac ATS Coupe,,
Cadillac BLS,,
Cadillac Brougham Car Model,,
Cadillac Calais,,
Cadillac Cimarron,,
Cadillac Coupe de Ville,,
Cadillac CT6,,
Cadillac CTS,,
Cadillac CTS-V,,
Cadillac de Ville,,
Cadillac de Ville series,,
Cadillac DTS,,
Cadillac Eldorado,,
Cadillac Escalade,,
Cadillac Fleetwood Brougham,,
Cadillac Fleetwood Car Model,,
Cadillac Model D,,
Cadillac Model Thirty,,
Cadillac Northstar LMP,,
Cadillac Series 314,,
Cadillac Series 341,,
Cadillac Series 60,,
Cadillac Series 61,,
Cadillac Series 62,,
Cadillac Series 65,,
Cadillac Series 70,,
Cadillac Seville,,
Cadillac Sixty Special,,
Cadillac SRX,,
Cadillac STS,,
Cadillac STS-V,,
Cadillac Type 51,,
Cadillac Type 53,,
Cadillac Type 57,,
Cadillac Type 59,,
Cadillac Type 61,,
Cadillac Type V-63,,
Cadillac V-16,,
Cadillac XLR,,
Cadillac XLR-V,,
Cadillac XT5,,
Cadillac XTS,,
Caterham 21,,
Caterham 7 Roadsport,,
Caterham 7 Superlight R300,,
Caterham AEROSEVEN,,
Caterham Roadsport,,
Caterham Roadsport A,,
Caterham Roadsport B,,
Caterham SEVEN 270,,
Caterham SEVEN 360,,
Caterham SEVEN 420,,
Caterham SEVEN 620 R,,
Caterham SEVEN 620 S,,
Caterham SEVEN CSR,,
Caterham Superlight,,
Caterham Superlight 620R,,
Caterham Superlight R300,,
Caterham Superlight R400,,
Caterham Superlight R500,,
Caterham Superlight R600,,
Changan Alsvin,,
Changan Benben,,
Changan Benni,,
Changan CS15,,
Changan CS35,,
Changan CS35 1.6 Luxury,,
Changan CS75,,
Changan CX20,,
Changan CX30,,
Changan Eado,,
Changan Suzuki Alto,,
Chery A1,,
Chery A11,,
Chery A15,,
Chery A3,,
Chery A3 HB,,
Chery A5,,
Chery Arrizo 5,,
Chery Arrizo7,,
Chery DR5,,
Chery E3,,
Chery E5,,
Chery Fulwin 2,,
Chery Fulwin2 FL,,
Chery Fulwin2 FL HB,,
Chery Fulwin2 HB,,
Chery New QQ,,
Chery Q22,,
Chery Q22B,,
Chery Q22L,,
Chery QQ3,,
Chery S22L,,
Chery Tiggo,,
Chery Tiggo 5,,
Chery Tiggo FL,,
Chery TIGGO8,,
Chery V5,,
Chery X1,,
Chevrolet 150,,
Chevrolet 210,,
Chevrolet 400,,
Chevrolet Advance Design,,
Chevrolet Aerovette,,
Chevrolet Agile,,
Chevrolet Apache,,
Chevrolet Astro,,
Chevrolet Astrovette,,
Chevrolet Avalanche (2001 – 2013),,
Chevrolet Aveo,,
Chevrolet Beauville,,
Chevrolet Bel Air,,
Chevrolet Beretta,,
Chevrolet Biscayne,,
Chevrolet Bison,,
Chevrolet Bolt,,
Chevrolet Bruin,,
Chevrolet C K,,
Chevrolet C6,,
Chevrolet Camaro,,
Chevrolet Caprice,,
Chevrolet Caprice LS,,
Chevrolet Captiva,,
Chevrolet Cavalier,,
Chevrolet Celebrity,,
Chevrolet Celta,,
Chevrolet Cerv 1,,
Chevrolet Chevelle,,
Chevrolet Chevelle COPO 427,,
Chevrolet Chevelle Laguna,,
Chevrolet Chevette,,
Chevrolet Chevy II   Nova,,
Chevrolet Cheyenne,,
Chevrolet Citation,,
Chevrolet Cobalt,,
Chevrolet Cobalt SS,,
Chevrolet Colorado,,
Chevrolet Constantia,,
Chevrolet Corsica,,
Chevrolet Corvair,,
Chevrolet Corvair 500,,
Chevrolet Corvair 900 Monza,,
Chevrolet Corvair Monza GT,,
Chevrolet Corvette,,
Chevrolet Corvette C1,,
Chevrolet Corvette C4,,
Chevrolet Corvette C6 ZR1,,
Chevrolet Corvette Convertible,,
Chevrolet Corvette Mako Shark,,
Chevrolet Corvette Stingray,,
Chevrolet Cosworth Vega,,
Chevrolet Cruze,,
Chevrolet Delray,,
Chevrolet El Camino,,
Chevrolet Equinox,,
Chevrolet Express,,
Chevrolet Firenza CanAm,,
Chevrolet Fleetline,,
Chevrolet Geo Metro,,
Chevrolet Geo Prizm,,
Chevrolet Geo Spectrum,,
Chevrolet Geo Sprint,,
Chevrolet Greenbrier,,
Chevrolet HHR,,
Chevrolet Holden Caprice,,
Chevrolet Impala,,
Chevrolet Impala SS,,
Chevrolet K5 Blazer,,
Chevrolet Kadett,,
Chevrolet Kingswood,,
Chevrolet Kodiak,,
Chevrolet Lakewood,,
Chevrolet Lumina,,
Chevrolet Lumina APV,,
Chevrolet Lumina Z34,,
Chevrolet LUV,,
Chevrolet Mako Shark Concept,,
Chevrolet Malibu (1964 – present),,
Chevrolet Marajó,,
Chevrolet Maruti Esteem,,
Chevrolet Maruti Versa,,
Chevrolet Miray,,
Chevrolet Montana,,
Chevrolet Monte Carlo,,
Chevrolet Monza,,
Chevrolet Nomad,,
Chevrolet Nova SS,,
Chevrolet Omega,,
Chevrolet Opala,,
Chevrolet Orlando,,
Chevrolet Parkwood,,
Chevrolet S-10,,
Chevrolet S-10 Blazer,,
Chevrolet S-10 EV,,
Chevrolet Sail,,
Chevrolet Saturn Astra,,
Chevrolet Sequel,,
Chevrolet Series M Copper-Cooled,,
Chevrolet Silverado,,
Chevrolet Sonic,,
Chevrolet Spark,,
Chevrolet Spin,,
Chevrolet Sprint,,
Chevrolet SS,,
Chevrolet SSR,,
Chevrolet Styleline,,
Chevrolet Suburban,,
Chevrolet Superior,,
Chevrolet Tahoe,,
Chevrolet Task Force,,
Chevrolet Testudo,,
Chevrolet Titan,,
Chevrolet Townsman,,
Chevrolet Tracker,,
Chevrolet Trailblazer,,
Chevrolet Traverse (2008 – present),,
Chevrolet Trax,,
Chevrolet Uplander,,
Chevrolet Vega,,
Chevrolet Venture,,
Chevrolet Volt,,
Chevrolet Yenko Camaro,,
Chevrolet Yeoman,,
Chrysler 150,,
Chrysler 160   180   2 Litre,,
Chrysler 180,,
Chrysler 200,,
Chrysler 200C EV,,
Chrysler 300,,
Chrysler 300 letter series,,
Chrysler 300 non-letter series,,
Chrysler 300C,,
Chrysler 300L,,
Chrysler 300M,,
Chrysler Airflow,,
Chrysler Airstream,,
Chrysler Alpine,,
Chrysler AP3 Hearse Built by R.F.Weber,,
Chrysler Aspen,,
Chrysler Atlantic,,
Chrysler Avenger,,
Chrysler Car Airflow,,
Chrysler Centura,,
Chrysler Charger,,
Chrysler Cirrus,,
Chrysler Colt,,
Chrysler Concorde,,
Chrysler Conquest,,
Chrysler Cordoba,,
Chrysler Crossfire,,
Chrysler D-50,,
Chrysler Daytona,,
Chrysler Delta,,
Chrysler Drifter,,
Chrysler Dynasty,,
Chrysler E-Class,,
Chrysler Executive,,
Chrysler Fifth Avenue,,
Chrysler Galant,,
Chrysler Horizon,,
Chrysler Hunter,,
Chrysler Imperial,,
Chrysler Imperial Parade Phaeton,,
Chrysler Intrepid,,
Chrysler Java,,
Chrysler L300 Express,,
Chrysler Lancer,,
Chrysler Laser,,
Chrysler LeBaron,,
Chrysler LHS,,
Chrysler Model 200,,
Chrysler Nassau,,
Chrysler Natrium,,
Chrysler Neon,,
Chrysler New Yorker,,
Chrysler New Yorker Fifth Avenue,,
Chrysler Newport,,
Chrysler Pacifica,,
Chrysler Plainsman,,
Chrysler Pronto Cruizer,,
Chrysler Prowler,,
Chrysler PT Cruiser,,
Chrysler Regal,,
Chrysler Royal,,
Chrysler Saratoga,,
Chrysler Sebring,,
Chrysler Sigma,,
Chrysler Stratus,,
Chrysler Sunbeam,,
Chrysler TC,,
Chrysler TC by Maserati,,
Chrysler TEVan,,
Chrysler Touring,,
Chrysler Town and Country,,
Chrysler Turbine,,
Chrysler Turbine Car,,
Chrysler Valiant,,
Chrysler Valiant Charger,,
Chrysler VIP,,
Chrysler Viper,,
Chrysler Viper GTS-R,,
Chrysler Vogue,,
Chrysler Voyager Grand Voyager,,
Chrysler Wayfarer,,
Chrysler Windsor,,
Chrysler Ypsilon,,
Citroen Berlingo,,
Citroen C-Crosser,,
Citroen C-ZERO,,
Citroen C1,,
Citroen C4 Cactus,,
Citroen C4 Picasso,,
Citroen C5 Aircross,,
Citroen DS4,,
Citroen Traction Avant,,
Classic Caterham,,
Classic DAF 2600 cab over truck,,
Dacia 1100,,
Dacia 1100S,,
Dacia 1210,,
Dacia 1300,,
Dacia 1301,,
Dacia 1302,,
Dacia 1307,,
Dacia 1310,,
Dacia 1310 Berlina,,
Dacia 1310 Break,,
Dacia 1310 P,,
Dacia 1320,,
Dacia 1325,,
Dacia 1325 Liberta,,
Dacia 1410,,
Dacia 1410 Sport,,
Dacia 2000,,
Dacia D6,,
Dacia Dokker (2012–present),,
Dacia Dokker Stepway,,
Dacia Dokker Van,,
Dacia Duster (2009–present),,
Dacia L?stun,,
Dacia Lastun (1988–1991),,
Dacia Lodgy (2012–present),,
Dacia Lodgy Stepway,,
Dacia Logan,,
Dacia Logan MCV,,
Dacia Nova (1995–2000),,
Dacia Pick-Up a.k.a Dacia Shifter,Dacia Gamma (1975–2006),,
Dacia Sandero (2008–present),,
Dacia Sandero Stepway,,
Dacia Solenza (2003–2005),,
Dacia SupeRNova (2000–2003),,
Daewoo BH120 bus (Bus in Taiwan),,
Daewoo Damas & Daewoo Labo (1992-2011 – Van),,
Daewoo Espero,,
Daewoo Gentra,,
Daewoo Honker,,
Daewoo Lacetti,,
Daewoo Lanos,,
Daewoo Leganza,,
Daewoo LeMans (1986–1997 – Compact car),,
Daewoo Magnus,,
Daewoo Maruti Versa,,
Daewoo Matiz,,
Daewoo Nubira,,
Daewoo Rezzo,,
Daewoo Tacuma,,
Daewoo Tarpan Honker,,
Daewoo Tico,,
Daewoo Tosca,,
Daewoo Veritas (Now Chevrolet Caprice),,
Daewoo Winstorm (2006–present – SUV),,
DAF 33 Break,,
DAF 44,,
DAF 46,,
DAF 55,,
DAF 600,,
DAF 66,,
DAF fire truck,,
DAF YA 328 military truck,,
DAF YP 408,,
Daihatsu Applause,,
Daihatsu Ayla,,
Daihatsu Bee,,
Daihatsu Boon,,
Daihatsu Charade,,
Daihatsu Charmant,,
Daihatsu Compagno,,
Daihatsu Consorte,,
Daihatsu Copen,,
Daihatsu Esse,,
Daihatsu Fellow Max,,
Daihatsu Hijet,,
Daihatsu Hijet Caddie,,
Daihatsu Leeza,,
Daihatsu Luxio,,
Daihatsu Materia,,
Daihatsu Mebius,,
Daihatsu Midget,,
Daihatsu Mira,,
Daihatsu Mira Gino,,
Daihatsu Move,,
Daihatsu Naked,,
Daihatsu Opti Mk 1,,
Daihatsu Pyzar,,
Daihatsu Rocky,,
Daihatsu Rugger,,
Daihatsu Sonica,,
Daihatsu Storia,,
Daihatsu Taft,,
Daihatsu Tanto,,
Daihatsu Tanto Exe,,
Daihatsu Terios,,
Daihatsu Wake,,
Daihatsu YRV,,
Daimler Sovereign,,
Datsun 1000 DeLuxe,,
Datsun 1500, 1600, 2000 Roadster,,
Datsun 200B,,
Datsun 240Z,,
Datsun 510,,
Datsun 720,,
Datsun Bluebird 910,,
Datsun Cherry 100A,,
Datsun DC-3,,
Datsun Fairlady,,
Datsun Go,,
Datsun Go+,,
Datsun mi-Do,,
Datsun on-Do,,
Datsun Prince Homer,,
Datsun redi-Go,,
Datsun Roadster,,
Datsun Sports,,
Datsun Truck,,
Datsun Z-car,,
Defender Ice Edition 2010,,
Diesel S,,
Diesel TL,,
Diesel TS,,
Dodge 330,,
Dodge 400,,
Dodge 440,,
Dodge 50 Series,,
Dodge 500,,
Dodge 600,,
Dodge Adventurer,,
Dodge Archives,,
Dodge Avenger,,
Dodge Avenger Blacktop,,
Dodge B-Series,,
Dodge B Series,,
Dodge C Series,,
Dodge Caravan,,
Dodge Challenger,,
Dodge Challenger 100th Anniversary Edition,,
Dodge Challenger Blacktop,,
Dodge Challenger Shaker,,
Dodge Charger,,
Dodge Charger 500,,
Dodge Charger Blacktop,,
Dodge Charger Daytona,,
Dodge Charger Redline,,
Dodge Colt,,
Dodge Coronet,,
Dodge Coronet R T,,
Dodge Crusader,,
Dodge Custom 880,,
Dodge D Series,,
Dodge Dakota,,
Dodge Dart,,
Dodge Dart 413,,
Dodge Dart Demon,,
Dodge Dart GT,,
Dodge Dart GTS,,
Dodge Dart Swinger,,
Dodge Diplomat,,
Dodge Durango,,
Dodge EV,,
Dodge Grand Caravan,,
Dodge Grand Caravan 30th Anniversary,,
Dodge Grand Caravan Blacktop,,
Dodge Hennessey Viper Venom 1000 Twin Turbo,,
Dodge Journey,,
Dodge Journey Blacktop,,
Dodge Journey Crossroad,,
Dodge Kingsway,,
Dodge La Femme,,
Dodge M37,,
Dodge Matador,,
Dodge Mayfair,,
Dodge Meadowbrook,,
Dodge Neon SRT-4,,
Dodge Phoenix,,
Dodge Polara,,
Dodge Polara 500,,
Dodge Power Wagon,,
Dodge Raider,,
Dodge Ram Daytona,,
Dodge Ram Pickup 2500,,
Dodge Ram Rumble Bee,,
Dodge Ram SRT-10,,
Dodge Rampage,,
Dodge Regent,,
Dodge SRT Viper,,
Dodge SRT Viper GT3 R,,
Dodge Stratus,,
Dodge Super Bee,,
Dodge Town Wagon,,
Dodge Viper E85,,
Dodge Viper SRT,,
Dodge Viper SRT TA,,
Dodge Viscount,,
Dodge Warlock,,
DS 3,,
DS 3 CROSSBACK,,
DS 4,,
DS 4S,,
DS 5,,
DS 5LS,,
DS 6,,
DS 7 CROSSBACK,,
DS Divine,,
DS E-Tense,,
DS Wild Rubis,,
DS X E-Tense,,
E36 8 M Coupe,,
Elvis Presley’s Pink Cadillac,,
Elvis’ Pink Cadillac,,
Enzo f12tdf,,
Enzo Ferrari,,
eRuf Model A,,
EVORA S,,
EVORA SPORTS RACER,,
Fenyr SuperSport,,
Ferrari 125 S,,
Ferrari 159 S,,
Ferrari 166,,
Ferrari 166 Inter,,
Ferrari 166 S,,
Ferrari 195 Inter,,
Ferrari 195 S,,
Ferrari 212 Export,,
Ferrari 212 Inter,,
Ferrari 250,,
Ferrari 250 GT Drogo,,
Ferrari 250 GT SWB Breadvan (2819GT),,
Ferrari 250 GTO,,
Ferrari 250 TR 61 Spyder Fantuzzi,,
Ferrari 275,,
Ferrari 275 GTB, GTS, GTB 4, NART Spider,,
Ferrari 288 GTO,,
Ferrari 308 GTB and GTS,,
Ferrari 308 208 GT4,,
Ferrari 312 P,,
Ferrari 312 PB,,
Ferrari 312P,,
Ferrari 312PB,,
Ferrari 328,,
Ferrari 328 GTB & GTS,,
Ferrari 330,,
Ferrari 333 SP,,
Ferrari 340 MM,,
Ferrari 348,,
Ferrari 360,,
Ferrari 365,,
Ferrari 365 GT4 2+2 400 412,,
Ferrari 365 GTB 4 and GTS 4 “Daytona”,,
Ferrari 400,,
Ferrari 430 Scuderia,,
Ferrari 456,,
Ferrari 456 GT,,
Ferrari 458 Italia,,
Ferrari 488 Gtb,,
Ferrari 488 Spider,,
Ferrari 512,,
Ferrari 550,,
Ferrari 550 Maranello,,
Ferrari 575 Gt,,
Ferrari 575M Maranello,,
Ferrari 575M Superamerica,,
Ferrari 599 GTB Fiorano,,
Ferrari 612 Scaglietti,,
Ferrari 637,,
Ferrari 750 Monza,,
Ferrari America. 340, 342, 375, 410, 400, 500 Superfast, 365 California,,
Ferrari Berlinetta Boxer,,
Ferrari California,,
Ferrari California T,,
Ferrari Daytona,,
Ferrari Dino,,
Ferrari F12 Berlinetta,,
Ferrari F12berlinetta,,
Ferrari F355,,
Ferrari F40,,
Ferrari F430,,
Ferrari F430 Challenge,,
Ferrari F50,,
Ferrari F50 GT,,
Ferrari FF,,
Ferrari FX,,
Ferrari FXX,,
Ferrari GG50,,
Ferrari GT4,,
Ferrari GTC4Lusso,,
Ferrari GTC4Lusso T,,
Ferrari Millechili,,
Ferrari Mondial,,
Ferrari Monza,,
Ferrari Mythos Concept,,
Ferrari P4 5 by Pininfarina,,
Ferrari Testa Rossa,,
Ferrari Testa Rossa (TR),,
Ferrari Testarossa, 512 TR and F512 M,,
Ferrari TR,,
Ferrarri 550 Barchetta,,
Fiat 1,,
Fiat 10 HP,,
Fiat 1100,,
Fiat 1200,,
Fiat 124,,
Fiat 124 Coupé,,
Fiat 124 Spider Europa,,
Fiat 124 Sport Spider,,
Fiat 125,,
Fiat 126,,
Fiat 127,,
Fiat 128,,
Fiat 130,,
Fiat 1300 1500,,
Fiat 131,,
Fiat 132 Argenta,,
Fiat 1400,,
Fiat 147,,
Fiat 1500,,
Fiat 16-20 HP,,
Fiat 1800 2100,,
Fiat 2300,,
Fiat 238,,
Fiat 24-32 HP,,
Fiat 242,,
Fiat 2800,,
Fiat 2B,,
Fiat 4 HP,,
Fiat 500,,
Fiat 500 “Topolino”,,
Fiat 500L,,
Fiat 500X,,
Fiat 501,,
Fiat 502,,
Fiat 503,,
Fiat 505,,
Fiat 507,,
Fiat 508,,
Fiat 509,,
Fiat 510,,
Fiat 512,,
Fiat 514,,
Fiat 515,,
Fiat 518,,
Fiat 519,,
Fiat 520,,
Fiat 521,,
Fiat 522,,
Fiat 524,,
Fiat 525,,
Fiat 527,,
Fiat 6 HP,,
Fiat 60 HP,,
Fiat 600,,
Fiat 70,,
Fiat 8 HP,,
Fiat 850,,
Fiat 8V,,
Fiat Abarth 850TC Berlina,,
Fiat Albea,,
Fiat Autobianchi Y10,,
Fiat Barchetta,,
Fiat Bravo,,
Fiat Bravo Brava,,
Fiat Brevetti,,
Fiat Campagnola,,
Fiat Centoventi,,
Fiat Cinquecento,,
Fiat Coupé,,
Fiat Croma,,
Fiat Dino,,
Fiat Doblò,,
Fiat Downtown,,
Fiat Ducato,,
Fiat Duna,,
Fiat Elba,,
Fiat Eurovans,,
Fiat Fiorino,,
Fiat Grande Punto,,
Fiat Idea,,
Fiat Linea,,
Fiat Marea,,
Fiat Mephistofeles,,
Fiat Multipla,,
Fiat Oggi,,
Fiat Palio,,
Fiat Palio Adventure Locker,,
Fiat Palio Weekend,,
Fiat Panda,,
Fiat Panda Hydrogen,,
Fiat Panorama,,
Fiat Phylla,,
Fiat Punto,,
Fiat Qubo,,
Fiat Regata,,
Fiat Ritmo,,
Fiat Scudo,,
Fiat Sedici,,
Fiat Seicento,,
Fiat Siena,,
Fiat Stilo,,
Fiat Strada,,
Fiat Tempra,,
Fiat Trepiuno,,
Fiat Turbina,,
Fiat Uno,,
Fiat X1 9,,
Fiat Zastava 10,,
Fiat Zero,,
First-generation Chevrolet Camaro,,
First Generation E36 7 M Roadster,,
Fisker Karma,,
Fisker Karma Revero,,
Fisker Karma S,,
Fisker Latigo CS,,
Fisker Sunset Concept,,
Fisker Surf,,
Fisker Tramanto,,
Ford 021C,,
Ford 2GA,,
Ford 300,,
Ford 7W,,
Ford 7Y,,
Ford 999,,
Ford Aerostar,,
Ford Airstream,,
Ford Anglia,,
Ford Atlas,,
Ford AU Falcon,,
Ford B-Max,,
Ford BA Falcon,,
Ford Bantam,,
Ford BF Falcon,,
Ford Blush,,
Ford Boss 302 Mustang,,
Ford Boss 429,,
Ford Bronco,,
Ford Bronco II,,
Ford C-MAX,,
Ford C-Series,,
Ford C1 platform,,
Ford California Special Mustang,,
Ford Capri,,
Ford Capri Perana,,
Ford Cargo,,
Ford Cirrus,,
Ford Classic,,
Ford Comète,,
Ford Contour,,
Ford Corcel,,
Ford Corsair,,
Ford Cortina,,
Ford Cortina Perana Mk 2,,
Ford Cortina XR6 Interceptor,,
Ford Cougar,,
Ford Country Sedan,,
Ford Country Squire,,
Ford Courier,,
Ford Crestline Skyliner,,
Ford Crown Victoria,,
Ford Crown Victoria Police Interceptor,,
Ford Custom,,
Ford Custom 500,,
Ford CX,,
Ford Del Rey,,
Ford Del Rio,,
Ford Durango,,
Ford E-Series Wagon,,
Ford E83W,,
Ford EA Falcon,,
Ford EB Falcon,,
Ford EcoSport,,
Ford Edge,,
Ford Edsel Ranger,,
Ford Edsel Villager,,
Ford Eifel,,
Ford EL Falcon,,
Ford Elite,,
Ford Escape,,
Ford Escape Hybrid,,
Ford Escort,,
Ford Escort Mk1 Perana,,
Ford Escort Mk3 Perana,,
Ford Escort RS 1700T,,
Ford Escort RS Cosworth,,
Ford Escort ZX2,,
Ford Everest,,
Ford Evos,,
Ford EXP,,
Ford Expedition,,
Ford Explorer,,
Ford Explorer Sport Trac,,
Ford F-250 Super Chief,,
Ford F-350,,
Ford F-550,,
Ford F-650,,
Ford F-Series,,
Ford F-Series Super Duty,,
Ford Fairlane,,
Ford Fairlane 500 Skyliner,,
Ford Fairlane Crown Victoria Skyliner,,
Ford Fairlane GT,,
Ford Fairmont,,
Ford Fairmont GT,,
Ford Falcon,,
Ford Falcon Cobra,,
Ford Falcon GT,,
Ford Falcon XR6 Turbo,,
Ford FG Falcon,,
Ford Fiesta,,
Ford Fiesta RS Turbo,,
Ford Figo,,
Ford Five Hundred,,
Ford Flex,,
Ford Focus,,
Ford Focus RS,,
Ford Focus RS WRC,,
Ford Fordor,,
Ford Forty-Nine,,
Ford Freestar,,
Ford Freestyle,,
Ford Fusion,,
Ford Futura,,
Ford FX-Atmos,,
Ford Galaxie,,
Ford Galaxie 500,,
Ford Galaxie 500XL,,
Ford Galaxy,,
Ford GPA,,
Ford Granada,,
Ford Granada Perana,,
Ford GT,,
Ford GT40,,
Ford GT70,,
Ford GT90,,
Ford GTHO Phase III,,
Ford Ikon,,
Ford Indigo,,
Ford Interceptor,,
Ford John Goss Special,,
Ford Köln,,
Ford Ka,,
Ford Kuga,,
Ford Landau,,
Ford LCF,,
Ford Lightning,,
Ford Lotus Cortina,,
Ford LTD,,
Ford LTD Crown Victoria,,
Ford LTD II,,
Ford Mainline,,
Ford Maruti Versa,,
Ford Maverick,,
Ford Mercury Monterey,,
Ford Meteor,,
Ford Meteor Rideau,,
Ford Model 48,,
Ford Model 91,,
Ford Model A,,
Ford Model AA,,
Ford Model C,,
Ford Model C Ten,,
Ford Model F,,
Ford Model K,,
Ford Model N,,
Ford Model T,,
Ford Model TT,,
Ford Model Y,,
Ford Mondeo,,
Ford Mustang,,
Ford Mustang Boss 351,,
Ford Mustang Cobra Jet,,
Ford Mustang FR500,,
Ford Mustang Mach 1,,
Ford Nasim,,
Ford New Explorer,,
Ford Orion,,
Ford P68,,
Ford Pampa,,
Ford Parklane,,
Ford Pilot,,
Ford Pinto,,
Ford Popular,,
Ford Prefect,,
Ford Probe,,
Ford Pronto,,
Ford Puma,,
Ford Pygmy Jeep,,
Ford Python Automobile,,
Ford Ranch Wagon,,
Ford Ranchero,,
Ford Ranchero Rio Grande,,
Ford Ranger,,
Ford Ranger EV,,
Ford Rheinland,,
Ford Royale,,
Ford RS200,,
Ford S-Max,,
Ford Saphire,,
Ford Sapphire Cosworth,,
Ford Scorpio,,
Ford Shelby Cobra,,
Ford Shelby Cobra Concept,,
Ford Shelby Mustang,,
Ford Sierra,,
Ford Sierra RS Cosworth,,
Ford Sierra XR8,,
Ford Squire,,
Ford Starliner,,
Ford Super Duty,,
Ford SVT Focus,,
Ford SYNus,,
Ford Taurus,,
Ford Taurus SHO,,
Ford Taurus X,,
Ford Telstar,,
Ford Tempo,,
Ford Territory,,
Ford TH!NK,,
Ford Thames 300E,,
Ford Thames 307E,,
Ford Thames 400E,,
Ford Thames Trader,,
Ford Thunderbird,,
Ford Thunderbolt,,
Ford Torino,,
Ford Torino Cobra,,
Ford Torino GT,,
Ford Torino Talladega,,
Ford Tourneo,,
Ford Tourneo Connect,,
Ford Transcontinental,,
Ford Transit,,
Ford Transit Connect,,
Ford Vedette,,
Ford Verona,,
Ford Versailles,,
Ford Windstar,,
Ford XA Falcon,,
Ford XB Falcon,,
Ford XC Falcon,,
Ford XE Falcon,,
Ford XF Falcon,,
Ford XK Falcon,,
Ford XL Falcon,,
Ford XM Falcon,,
Ford XP Falcon,,
Ford XR Falcon,,
Ford XT Falcon,,
Ford XW Falcon,,
Ford XY Falcon,,
Ford XY Falcon GT,,
Ford Zephyr,,
Foton Auman,,
Foton Auman H4,,
Foton Auman Jones,,
Foton Auman Kunlun Mountains,,
Foton Auman Lion,,
Foton Auman Shenzhou,,
Foton Aumark,,
Foton AUV New Directions,,
Foton AUV panoramic Unlimited,,
Foton AUV Pioneer Europe,,
Foton Backhoe Loader,,
Foton ETX Crane Truck,,
Foton ETX Hurricane,,
Foton ETX280 6X4 Cargo Truck,,
Foton ETX280 6X4 Wing Van,,
Foton ETX340 6X4 Dump Truck,,
Foton ETX340 6X4 Transit Mixer,,
Foton ETX420 4X2 Tractor Head,,
Foton ETX420 6X4 Tractor Head,,
Foton Excavator,,
Foton Forklift,,
Foton Forland,,
Foton Forland King Kong,,
Foton Forland Ruiwo,,
Foton Grator,,
Foton Gratour,,
Foton Gratour-IX,,
Foton GTL 6X4 Tractor Head,,
Foton Hurricane Dump Truck,,
Foton LCV,,
Foton Motor Grader,,
Foton MP-X,,
Foton Ollin Beyond,,
Foton Ollin MRI,,
Foton Road Roller,,
Foton Saga,,
Foton Sauvana,,
Foton SUP,,
Foton Thunder,,
Foton Thunder Ironman,,
Foton Thunder Strike,,
Foton Toano,,
Foton Toplander,,
Foton Transvan,,
Foton Traveller,,
Foton Tunland,,
Foton View,,
Foton View Ambulance,,
Foton View Express,,
Foton View Express Passenge,,
Foton View Ireland Act,,
Foton View Transvan,,
Foton View Traveller,,
Foton Wheel Loader,,
four-wheel drive truck Sadko,,
Fourth-generation Chevrolet Camaro,,
GAC GS8,,
GAZ-12 ZIM,,
GAZ-21,,
GAZ-24,,
GAZ-3307,,
GAZ-51,,
GAZ-53,,
GAZ-61,,
GAZ-63,,
GAZ-64,,
GAZ-66,,
GAZ-67,,
GAZ-69,,
GAZ-M1,,
GAZ-M20 ‘Pobeda’,,
GAZ-M20 Pobeda,,
GAZ 46,,
GAZ Chaika,,
GAZ Sobol,,
GAZ Tigr,,
GAZ Valdai,,
GAZ Volga,,
GAZ Volga Siber,,
GAZ Zemlyak,,
GAZ5903V Vetluga,,
GAZelle ambulance,,
GAZelle minibus,,
GAZelle Next,,
GAZelle Next Cityline,,
GAZelle Next minibus,,
GAZelle truck,,
GAZelle van,,
GAZ–MM,,
GAZon Next,,
Geely Emgrand EC8,,
Geely Emgrand EX7,,
Geely GC9,,
Geely LC,,
Geely Panda,,
Genesis G70,,
Genesis G80,,
Genesis G90,,
Genesis GV80,,
Ginetta Akula,,
Ginetta G12,,
Ginetta G15,,
Ginetta G20,,
Ginetta G21,,
Ginetta G26,,
Ginetta G27,,
Ginetta G28,,
Ginetta G32,,
Ginetta G33,,
Ginetta G4 Series IV,,
Ginetta G40,,
Ginetta G4R,,
Ginetta G50 GT4,,
Ginetta G55,,
Ginetta G60,,
Ginetta G60 LT P1,,
GIsuzu ala Mio,,
Giugiaro Ford Mustang,,
GMC Acadia,,
GMC Canyon,,
GMC CCKW,,
GMC Chevette,,
GMC Classic,,
GMC Denali XT,,
GMC Envoy,,
GMC Granite,,
GMC Graphyte Hybrid,,
GMC Motorhome,,
GMC Savana,,
GMC Savana 1500,,
GMC Savana 2500,,
GMC Savana 3500,,
GMC Sierra,,
GMC Sierra 1500,,
GMC Sierra 1500 Hybrid,,
GMC Sonoma,,
GMC Sprint   Caballero,,
GMC Syclone,,
GMC Terradyne,,
GMC Terrain,,
GMC Typhoon,,
GMC Yukon,,
Grand Cherokee Altitude,,
Granse (Jinbei),,
Great Wall Coolbear,,
Great Wall Haval H3,,
Great Wall Haval H5,,
Great Wall Haval H6,,
Great Wall Haval M2,,
Great Wall Haval M4,,
Great Wall Hover,,
Great Wall Pegasus,,
Great Wall Peri,,
Great Wall Voleex C10,,
Great Wall Voleex C30,,
Great Wall Voleex Hatchback,,
Great Wall Voleex Sedan,,
Great Wall Wingle,,
Great Wall Wingle 5,,
Griffith 400,,
Haima 1,,
Haima 2,,
Haima 3,,
Haima 7,,
Haima Family,,
Haima Family II,,
Haima Family VS,,
Haima FStar 5,,
Haima FStar PC,,
Haima M3,,
Haima M5,,
Haima M8,,
Haima S5,,
Haima S7,,
Haima V70,,
HINO 155 CAB-OVER,,
HINO 155DC CAB-OVER,,
Hino 165 Hybrid,,
HINO 195 CAB-OVER,,
HINO 195DC CAB-OVER,,
HINO 195h HYBRID CAB-OVER,,
HINO 195hDC HYBRID CAB-OVER,,
HINO 238 CONVENTIONAL,,
HINO 258ALP CONVENTIONAL,,
HINO 258LP CONVENTIONAL,,
Hino 268 A Cosmos mobile,,
HINO 268 CONVENTIONAL,,
HINO 268A CONVENTIONAL,,
Hino 300 Series Hybrid,,
HINO 338 CONVENTIONAL,,
Hino 338 three-axle dump,,
Hino Briska,,
Hino Contessa 1300,,
HINO Dutro 125LT,,
HINO Jumbo Ranger,,
HINO Rainbow BUS,,
HINO Ranger commercial grade truck,,
Hino Renault 4CV,,
HINO RG Bus,,
HINO RK Bus,,
HINO RM Bus,,
HINO RU1J SSL,,
HINO S’elega Bus,,
Holden 50 2106,,
Holden Adventra,,
Holden Brougham,,
Holden Calais,,
Holden Camira,,
Holden Caprice,,
Holden Commodore,,
Holden Coupe 60,,
Holden Efijy,,
Holden EK Special Station Sedan,,
Holden FC series,,
Holden FJ,,
Holden Frontera,,
Holden Gemini,,
Holden HG Monaro GTS 350 coupe,,
Holden HX Monaro GTS Sedan,,
Holden Kingswood,,
Holden Monaro,,
Holden Monaro GTS,,
Holden Nova,,
Holden Special,,
Holden Suburban,,
Holden Torana,,
Holden UC Torana SL,,
Holden Ute,,
Holden VB Commodore,,
Holden VC Commodore,,
Holden VE Commodore,,
Holden VH Commodore,,
Holden VK Commodore,,
Holden VL Commodore,,
Holden VN Commodore,,
Holden VP Commodore,,
Holden VQ Caprice,,
Holden VR Commodore,,
Holden VS Commodore,,
Holden VT Commodore,,
Holden VX Commodore,,
Holden VY Commodore,,
Holden VZ Commodore,,
Honda 1300,,
Honda 1963–1964 S500,,
Honda 1963–1967 T360,,
Honda 1964 RA271,,
Honda 1964–1966 S600,,
Honda 1964–1967 T500,,
Honda 1965 L700,,
Honda 1965 RA272,,
Honda 1965–1966 SM600,,
Honda 1966 RA273,,
Honda 1966–1967 L800,,
Honda 1966–1970 S800,,
Honda 1967 RA300,,
Honda 1967–1970 N360 N400,,
Honda 1968 RA301,,
Honda 1968 RA302,,
Honda 1969 R-1300,,
Honda 1969–1972 N600,,
Honda 1970–1974, 1998–2002 Z,,
Honda 1972 1300,,
Honda 1972–1974 Life StepVan,,
Honda 1973–1974 Life Pick-Up,,
Honda 1978–2001 Prelude,,
Honda 1980–1985 Quintet,,
Honda 1980–2002 Ballade,,
Honda 1981–1999 Street,,
Honda 1983–1991 CR-X (a.k.a. Ballade Sports CR-X or Civic CR-X),,
Honda 1985–1997 Today,,
Honda 1985–2007 Integra,,
Honda 1988–1994 Concerto,,
Honda 1991–1996 Beat,,
Honda 1992–1995 NSX-R,,
Honda 1992–1997 CR-X del Sol,,
Honda 1992–2004 Domani,,
Honda 1993–1997 Rafaga,,
Honda 1993–1998, 2008–2010 Crossroad,,
Honda 1994–2002 Passport,,
Honda 1995–2003 Saber,,
Honda 1996–2001 Logo,,
Honda 1996–2002 Orthia,,
Honda 1996–2002 S-MX,,
Honda 1996–2010 Partner Van,,
Honda 1997–1999 EV Plus, an electric vehicle,,
Honda 1997–2002 Torneo,,
Honda 1999–2004 LaGreat,,
Honda 1999–2009 S2000,,
Honda 2000–2004 Life Dunk,,
Honda 2002–2007 That’s,,
Honda 2002–2008 Mobilio Spike,,
Honda 2004–2009 Edix,,
Honda 2004–2009 Honda FR-V, a 6 seater,,
Honda 2006 RA106,,
Honda 2007 RA107,,
Honda 2008 RA108,,
Honda Accord,,
Honda Acty,,
Honda Airwave,,
Honda Ascot,,
Honda ASM,,
Honda Avancier,,
Honda Ballade,,
Honda Beat,,
Honda BR-V,,
Honda Brio,,
Honda Brio Amaze,,
Honda Capa,,
Honda Caren (1990),,
Honda City,,
Honda Civic,,
Honda Civic GTi,,
Honda Civic GX,,
Honda Civic Hybrid (2003-present),,
Honda Civic Type R,,
Honda Concerto,,
Honda CR-V,,
Honda CR-X,,
Honda CR-X del Sol,,
Honda CR-Z,,
Honda Crossroad,,
Honda Crosstour,,
Honda Domani,,
Honda Dualnote (of DN-X),,
Honda Element,,
Honda Elysion,,
Honda EV-N,,
Honda EV Plus,,
Honda FC Sport,,
Honda FCX,,
Honda FCX Clarity,,
Honda Fit,,
Honda Fit Aria (1981-present),,
Honda Fit Shuttle,,
Honda Freed,,
Honda Fuya-Jo,,
Honda Gear,,
Honda Hobio (2003-present),,
Honda HR-V,,
Honda HS,,
Honda HSC,,
Honda Imas,,
Honda Insight, a hybrid electric vehicle (2000-2006, 2009-present),,
Honda Inspire,,
Honda Integra,,
Honda J-MJ,,
Honda J-MW,,
Honda J-VX,,
Honda J-WJ,,
Honda Jazz,,
Honda Kiwami,,
Honda L700,,
Honda Legend,,
Honda Life,,
Honda Life Dunk,,
Honda Logo,,
Honda MDX (2003-present),,
Honda Mobilio,,
Honda Mobilio Spike,,
Honda Model X,,
Honda MV-99,,
Honda N-One,,
Honda N360,,
Honda N800,,
Honda NSX,,
Honda Odyssey,,
Honda Odyssey Shuttle (international market) (1995-present),,
Honda Orthia,,
Honda OSM,,
Honda Passport,,
Honda Pilot,,
Honda Prelude,,
Honda Project 2&4,,
Honda Puyo,,
Honda Quint,,
Honda Quint Integra,,
Honda Remix,,
Honda Ridgeline,,
Honda S-MX,,
Honda S2000,,
Honda S360,,
Honda S500,,
Honda S600,,
Honda S800,,
Honda Small Hybrid Sports,,
Honda SSM,,
Honda Step Bus,,
Honda StepWGN,,
Honda Stream,,
Honda SUT,,
Honda T360,,
Honda That’s,,
Honda TN-Acty,,
Honda TN360 TN-III,,
Honda Today,,
Honda Torneo,,
Honda Urban EV concept,,
Honda Urban SUV,,
Honda Vamos,,
Honda Wow,,
Honda Z,,
Honda Z600,,
Honda ZEST,,
Huasong 7,,
Hyundai 4.5 to 5-ton truck,,
Hyundai 8 to 25-ton truck,,
Hyundai Accent,,
Hyundai Aero,,
Hyundai Aero City,,
Hyundai Aero Town,,
Hyundai Atos,,
Hyundai Blue-Will,,
Hyundai BlueOn,,
Hyundai Chorus,,
Hyundai Clix,,
Hyundai County,,
Hyundai Creta,,
Hyundai Dynasty,,
Hyundai e-Mighty,,
Hyundai Elantra,,
Hyundai Entourage,,
Hyundai Eon,,
Hyundai Equus,,
Hyundai Excel,,
Hyundai Galloper,,
Hyundai Genesis (2008–present),,
Hyundai Genesis Coupe,,
Hyundai Getz,,
Hyundai Global 900,,
Hyundai Grace,,
Hyundai Grand i10,,
Hyundai Grand Santa Fe,,
Hyundai Grand Starex,,
Hyundai Grandeur or Hyundai Azera,,
Hyundai H-100,,
Hyundai HB20,,
Hyundai HED-5,,
Hyundai i10,,
Hyundai i20,,
Hyundai i20 Cross Sport,,
Hyundai i20 WRC,,
Hyundai i30 (2007–present),,
Hyundai i40 (2011–present),,
Hyundai Intrado,,
Hyundai ix20 (2010–present),,
Hyundai Lavita,,
Hyundai Libero,,
Hyundai Marcia,,
Hyundai Mega Truck,,
Hyundai Mighty,,
Hyundai Mighty II,,
Hyundai Mistra,,
Hyundai New Power Truck,,
Hyundai New Tucson,,
Hyundai Nuvis,,
Hyundai Pony,,
Hyundai Porter (1977–present),,
Hyundai Santa Fe,,
Hyundai Santamo,,
Hyundai Scoupe (1988–1995),,
Hyundai Sonata,,
Hyundai Sonata Embera,,
Hyundai Starex (1997–present),,
Hyundai Stellar (1983–1997),,
Hyundai Super Truck,,
Hyundai Super Truck Medium,,
Hyundai Terracan,,
Hyundai Tiburon,,
Hyundai Trago,,
Hyundai Trajet,,
Hyundai Tucson,,
Hyundai Universe,,
Hyundai Veloster Turbo(2011-present),,
Hyundai Veracruz,,
Hyundai Verna,,
Hyundai Vision G,,
Infiniti Emerg e,,
Infiniti Essence,,
Infiniti Etherea,,
Infiniti G20,,
Infiniti G25,,
Infiniti G37,,
Infiniti I30,,
Infiniti I35,,
Infiniti IPL Q50,,
Infiniti J30,,
Infiniti JX35,,
Infiniti Kuraza,,
Infiniti M30,,
Infiniti M35,,
Infiniti M45,,
Infiniti M56,,
Infiniti Q40,,
Infiniti Q45,,
Infiniti Q50,,
Infiniti Q50 Hybrid,,
Infiniti Q60,,
Infiniti Q60 Convertible,,
Infiniti Q60 Coupe,,
Infiniti Q60 IPL Convertible,,
Infiniti Q70,,
Infiniti Q70 Hybrid,,
Infiniti Q70L,,
Infiniti QX4,,
Infiniti QX50,,
Infiniti QX60,,
Infiniti QX60 Hybrid,,
Infiniti QX70,,
Infiniti QX80,,
Infiniti RB10,,
Isetta,,
Isuzu 117 Coupé,,
Isuzu Amigo,,
Isuzu Ascender,,
Isuzu Aska,,
Isuzu Axiom,,
Isuzu Bellel,,
Isuzu Bellett,,
Isuzu C-Series,,
Isuzu Crosswind,,
Isuzu D-Max,,
Isuzu E-Series,,
Isuzu Elf,,
Isuzu F-Series,,
Isuzu Faster,,
Isuzu Florian,,
Isuzu Forward,,
Isuzu Gemini,,
Isuzu Geo Storm,,
Isuzu Giga,,
Isuzu Hombre,,
Isuzu i-Series,,
Isuzu i-Van,,
Isuzu i 280,,
Isuzu i 290,,
Isuzu i 350,,
Isuzu Mu-X,,
Isuzu N-Series,,
Isuzu Oasis,,
Isuzu Panther,,
Isuzu Piazza,,
Isuzu Pickup,,
Isuzu Rodeo,,
Isuzu Stylus,,
Isuzu TF,,
Isuzu Trooper,,
Isuzu Turquoise,,
Isuzu VehiCROSS,,
Isuzu Wizard,,
JAC 137,,
JAC B15,,
JAC Binyue C200 (J7),,
JAC Heyue A30,,
JAC J2 (Yueyue),,
JAC J3,,
JAC J3 (Tongyue),,
JAC J3 RS,,
JAC J5 (Heyue),,
JAC J6 (Heyue RS),,
JAC J7 (Binyue),,
JAC Refine (M1),,
JAC Refine M5,,
JAC Refine S3,,
JAC Rein,,
JAC Reni,,
JAC Sunray,,
Jaguar 420 and Daimler Sovereign,,
Jaguar Advanced Lightweight Coupe Concept,,
Jaguar C-Type,,
Jaguar D-Type,,
Jaguar E-Type,,
Jaguar F-Pace,,
Jaguar F-TYPE,,
Jaguar Mark 1,,
Jaguar Mark 2, 240 and 340,,
Jaguar Mark IV,,
Jaguar Mark IX,,
Jaguar Mark V,,
Jaguar Mark VII,,
Jaguar Mark VII M,,
Jaguar Mark VIII,,
Jaguar Mark X & 420G,,
Jaguar S-Type,,
Jaguar Sport XJR-15,,
Jaguar X-Type,,
Jaguar XE,,
Jaguar XF,,
Jaguar XFR,,
Jaguar XFR-S,,
Jaguar XJ,,
Jaguar XJ-S,,
Jaguar XJ13,,
Jaguar XJ220,,
Jaguar XJL,,
Jaguar XJR,,
Jaguar XJR-11,,
Jaguar XJR-14,,
Jaguar XJR-15,,
Jaguar XJR-9,,
Jaguar XJS,,
Jaguar XK,,
Jaguar XK120,,
Jaguar XK140,,
Jaguar XK150,,
Jaguar XKR,,
Jaguar XKR-S,,
Jaguar XKR Cabriolet,,
Jaguar XKSS,,
Jeep Cherokee,,
Jeep Cherokee XJ (1980),,
Jeep CJ,,
Jeep CJ-7 (1970),,
Jeep Comanche,,
Jeep Commander,,
Jeep Compass,,
Jeep DJ,,
Jeep FJ,,
Jeep Forward Control (1960),,
Jeep Gladiator,,
Jeep Grand Cherokee,,
Jeep Grand Cherokee SRT,,
Jeep Grand Cherokee Summit Platinum 3.0 CRD,,
Jeep Honcho (1970),,
Jeep Hurricane,,
Jeep Liberty,,
Jeep Patriot,,
Jeep Renegade,,
Jeep Trailhawk,,
Jeep Wagoneer (1960),,
Jeep Willys,,
Jeep Wrangler,,
Jeep Wrangler TJ (1990),,
Jeep Wrangler Unlimited,,
Jeep Wrangler YJ (1980),,
Jiangling CV9 minivan,,
Jiangling Light Truck,,
Jiangling Transit,,
JMC Baodian,,
JMC BaoWei,,
JMC Boarding pickup,,
JMC Carrying truck,,
JMC Compadre,,
JMC E-series SVO,,
JMC Hunter,,
JMC Isuzu Truck,,
JMC Orion,,
JMC pickup,,
JMC Pika pickup,,
JMC Qingka,,
JMC Teshun,,
JMC Transit,,
JMC Vigor,,
JMC Yuhu,,
JMC Yuhu 7,,
JMC Yunba,,
JMC Yusheng SUV,,
Kia 18+,,
Kia Alpha,,
Kia AM928 – KMC only,,
Kia Avella,,
Kia Bongo,,
Kia Borrego,,
Kia Cadenza,,
Kia Cadenza K7,,
Kia Carens Rondo,,
Kia Carnival Sedona,,
Kia Cee’d,,
Kia cee’d Hybrid,,
Kia Cerato,,
Kia Club,,
Kia Credos,,
Kia Forte,,
Kia Forte Cerato,,
Kia Granbird – KMC only,,
Kia GT Concept,,
Kia K2700 Strong 3000S 2500TCI- KMC only,,
Kia K4000s – KMC only,,
Kia K9 Quoris,,
Kia K900,,
Kia KCV-4 Mojave,,
Kia KCV III,,
Kia Kee,,
Kia KM420,,
Kia KND-4,,
Kia KOUP,,
Kia Kue,,
Kia Mentor,,
Kia Mohave,,
Kia Multi S,,
Kia Niro,,
Kia Opirus,,
Kia Optima Magentis K5,,
Kia Picanto,,
Kia Picanto Morning,,
Kia Pop,,
Kia Potentia,,
Kia Pride,,
Kia Pro cee’d,,
KIA Ray Hybrid Concept,,
Kia Ray Plug-in hybrid,,
Kia Rino (expected March 2012)[dated info],,
Kia Rio,,
Kia Rio Rio5 Pride,,
Kia Rondo,,
Kia Rondo SX,,
Kia Rondo Taxi,,
Kia Seltos SX,,
Kia Sephia,,
Kia Slice,,
Kia Sorento,,
Kia Soul,,
Kia Soul Hybrid,,
Kia Spectra,,
Kia Sportage,,
Kia Sportspace,,
Kia Stinger,,
Kia Streetrunner,,
Kia Telluride,,
Kia Venga,,
Kia Vizen,,
Koenigsegg Agera,,
Koenigsegg Agera Final,,
Koenigsegg Agera R,,
Koenigsegg Agera RS,,
Koenigsegg Agera S,,
Koenigsegg CC,,
Koenigsegg CC8S,,
Koenigsegg CCGT,,
Koenigsegg CCR,,
Koenigsegg CCX,,
Koenigsegg CCX Edition,,
Koenigsegg CCXR,,
Koenigsegg CCXR Edition,,
Koenigsegg CCXR Special Edition,,
Koenigsegg Quant,,
Koenigsegg Regera,,
Koenigsegg Trevita,,
Lada 110,,
Lada 112 Coupe,,
Lada C-Kross,,
Lada C Concept,,
Lada Golf,,
Lada Granta,,
Lada Kalina 4×4,,
Lada Kalina II,,
Lada Largus,,
Lada Niva,,
Lada Priora,,
Lada Rapan,,
Lada Revolution,,
Lada Revolution III,,
Lada Silhouette,,
Lada Vesta,,
Lada XRAY,,
LaFerrari,,
Lamborghini 350GT,,
Lamborghini 400GT,,
Lamborghini Alar,,
Lamborghini Aventador,,
Lamborghini Aventador Roadster,,
Lamborghini Bicolore Gallardo,,
Lamborghini Centenario,,
Lamborghini Countach LP400,,
Lamborghini Diablo,,
Lamborghini Diablo GT,,
Lamborghini Espada 1968,,
Lamborghini Estoque,,
Lamborghini Gallardo Super Trofeo,,
Lamborghini Gallardo Superleggera,,
Lamborghini Huracan,,
Lamborghini Islero,,
Lamborghini Jalpa,,
Lamborghini Jarama,,
Lamborghini LM,,
Lamborghini LM002,,
Lamborghini Miura,,
Lamborghini Murcielago,,
Lamborghini Reventón,,
Lamborghini Sesto Elemento,,
Lamborghini Silhouette,,
Lamborghini Urraco,,
Lamborghini Urus,,
Lamborghini Veneno,,
Lamborghini Veneno Car Zero,,
Lancia 037,,
Lancia 2000,,
Lancia 3RO military truck,,
Lancia Alfa-12HP,,
Lancia Appia,,
Lancia Aprilia,,
Lancia Ardea,,
Lancia Artena,,
Lancia Astura,,
Lancia Augusta,,
Lancia Aurelia,,
Lancia Autobianchi Y10,,
Lancia Beta,,
Lancia Beta-15 20HP,,
Lancia Beta Torpedo,,
Lancia D50A Formula One,,
Lancia Dedra,,
Lancia Delta,,
Lancia Delta-20 30HP,,
Lancia Delta S4,,
Lancia Delta S4 Group B,,
Lancia Dialfa-18HP,,
Lancia Dikappa,,
Lancia Dilambda,,
Lancia ECV,,
Lancia Epsilon,,
Lancia Esadelta C,,
Lancia Esagamma E,,
Lancia Eta-30 50HP,,
Lancia Flaminia,,
Lancia Flavia,,
Lancia Fulvia,,
Lancia Fulvia Dunja,,
Lancia Gamma,,
Lancia Gamma-20HP,,
Lancia Kappa,,
Lancia Kayak,,
Lancia Lambda,,
Lancia LC1,,
Lancia LC1 Group 6,,
Lancia LC2,,
Lancia Lybra,,
Lancia Montecarlo,,
Lancia Musa,,
Lancia Prisma,,
Lancia Sibilo,,
Lancia Stratos,,
Lancia Thema,,
Lancia Thesis,,
Lancia Theta-35HP,,
Lancia Trevi,,
Lancia Trikappa,,
Lancia Triota,,
Lancia trolleybus in Athens,,
Lancia Voyager,,
Lancia Ypsilon,,
Land Rover 1 2 ton Lightweight (early 1960s),,
Land Rover 101 Forward Control (started in 1967),,
Land Rover DC100 (2011),,
Land Rover Defender,,
Land Rover Discovery,,
Land Rover Discovery 4,,
Land Rover Discovery Sport,,
Land Rover Freelander (1997–2014),,
Land Rover Llama (mid-1980s),,
Land Rover Perentie (1980s-1990s),,
Land Rover Range Rover,,
Land Rover Series (1948–1985),,
Land Rover Sterling,,
Land Rover Tangi (1957),,
Land Rover Wolf,,
Landwind Rongyao,,
Landwind X2,,
Landwind X5,,
Landwind X6,,
Landwind X7,,
Landwind Xiaoyao,,
Laurin & Klement Škoda 545 (1924–1927),,
Laurin & Klement A (1905–1907),,
Laurin & Klement B (1906–1908),,
Laurin & Klement B2 (1907–1908),,
Laurin & Klement BS (1908–1909),,
Laurin & Klement C (1906–1908),,
Laurin & Klement C2 (1907–1908),,
Laurin & Klement D (1906–1907),,
Laurin & Klement DN (1912–1915),,
Laurin & Klement DO DL (1909–1912),,
Laurin & Klement E (1906–1909),,
Laurin & Klement EN (1909–1910),,
Laurin & Klement ENS (1910–1911),,
Laurin & Klement F (1907–1909),,
Laurin & Klement FC (1907–1909),,
Laurin & Klement FCR (1909),,
Laurin & Klement FCS (1908–1909),,
Laurin & Klement FDO FDL (1909–1915),,
Laurin & Klement FF (1907),,
Laurin & Klement FN GDV RC (1909–1913),,
Laurin & Klement G (1908–1911),,
Laurin & Klement HO  HL HLb (1907–1913),,
Laurin & Klement K Kb LOKb (1911–1915),,
Laurin & Klement L LO (1909–1911),,
Laurin & Klement LK (1911–1912),,
Laurin & Klement M Mb MO (1913–1915),,
Laurin & Klement Md Me Mf Mg Mh Mi Ml 300 305 (1917–1923),,
Laurin & Klement MK 400 (1913–1924),,
Laurin & Klement Ms (1914–1920),,
Laurin & Klement MS 540 545 (1920–1923),,
Laurin & Klement O OK (1913–1916),,
Laurin & Klement RK (1912–1916),,
Laurin & Klement S Sa (1911–1916),,
Laurin & Klement Sb Sc (1912–1915),,
Laurin & Klement Sd Se Sg Sk (1913–1917),,
Laurin & Klement Sh Sk (1914–1917),,
Laurin & Klement Si Sl Sm So 200 205 (1916–1924),,
Laurin & Klement T Ta (1914–1921),,
Lexus CT Car Model,,
Lexus ES,,
Lexus GS,,
Lexus GX,,
Lexus HS,,
Lexus IS,,
Lexus LC,,
Lexus LC500h,,
Lexus LFA,,
Lexus LS,,
Lexus LX,,
Lexus NX,,
Lexus RC,,
Lexus RCF,,
Lexus RX,,
Lexus SC,,
lfa Romeo Scighera,,
Lifan 320,,
Lifan 520,,
Lifan 520i,,
Lifan 530,,
Lifan 620,,
Lifan 630,,
Lifan 650,,
Lifan 720,,
Lifan 820,,
Lifan Foison,,
Lifan Lotto,,
Lifan Maiwei,,
Lifan Mini Truck,,
Lifan Mini Truck LF1022,,
Lifan Truck,,
Lifan X50,,
Lifan X60,,
Lifan X80,,
Lifan Xuanlang,,
Lincoln,,
Lincoln-Zephyr,,
Lincoln-Zephyr Continental,,
Lincoln Aviator,,
Lincoln Blackwood,,
Lincoln Capri,,
Lincoln Continental,,
Lincoln Continental Convertible,,
Lincoln Continental coupe,,
Lincoln Continental Mark II,,
Lincoln Continental Mark V Landau,,
Lincoln Continental Mark VII,,
Lincoln Continental Town,,
Lincoln Cosmopolitan,,
Lincoln Custom,,
Lincoln H series,,
Lincoln K-series,,
Lincoln K-series LeBaron Convertible,,
Lincoln L-series,,
Lincoln LS,,
Lincoln Mark III,,
Lincoln Mark LT,,
Lincoln Mark series,,
Lincoln Mark VIII,,
Lincoln MKC,,
Lincoln MKR,,
Lincoln MKS,,
Lincoln MKT,,
Lincoln MKX,,
Lincoln MKZ,,
Lincoln Model K,,
Lincoln Navigator,,
Lincoln Town Car,,
Lincoln Versailles,,
Long Range Patrol Vehicle (1980s–[present),,
Lotus Éclat,,
Lotus 19,,
Lotus 2-Eleven,,
Lotus 23,,
Lotus 26R,,
Lotus 72,,
Lotus 77,,
Lotus 99T,,
Lotus Carlton,,
Lotus E20,,
Lotus Eclat,,
Lotus Elan,,
Lotus Eleven,,
Lotus ELISE,,
Lotus ELISE CLUB RACER,,
Lotus Elise GT1 Road Car,,
Lotus ELISE S,,
Lotus Elite,,
Lotus Esprit,,
Lotus Esprit V8,,
Lotus Europa,,
Lotus Europa S,,
Lotus EVORA,,
Lotus Excel,,
Lotus Exige,,
Lotus EXIGE S – Roadster M T,,
Lotus EXIGE S ROADSTER,,
Lotus Mark IX,,
Lotus Mark VI,,
Lotus Mk I 1948,,
Lotus Mk IX,,
Lotus Seven,,
Lotus Vauxhall VX220,,
Luxgen 7,,
Luxgen M7,,
Luxgen S3,,
Luxgen S5,,
LUXGEN S5 TURBO ECO HYPER,,
Luxgen U6,,
Luxgen U7,,
Luxgen U7 Turbo Eco Hyper,,
Luxgen V7 Turbo Eco Hyper,,
Lykan HyperSport,,
Lykan Roadster,,
Magna Steyr MILA 1,,
Magna Steyr MILA Aerolight,,
Magna Steyr MILA Alpin,,
Magna Steyr MILA Alpin Concept,,
Magna Steyr MILA Blue,,
Magna Steyr MILA Concept,,
Magna Steyr MILA Coupic,,
Magna Steyr Mila EV,,
Magna Steyr MILA Future,,
Magna Steyr MILA Plus,,
Magna Steyr Mila Plus Hybrid,,
Mahindra Bolero,,
Mahindra Chairman W,,
Mahindra e2o,,
Mahindra Enforcer,,
Mahindra KUV100,,
Mahindra Quanto,,
Mahindra Scorpio,,
Mahindra Scorpio Getaway,,
Mahindra Thar,,
Mahindra TUV300,,
Mahindra Verito,,
Mahindra Verito Vibe,,
Mahindra XUV 500,,
Mahindra Xylo,,
Mako Shark,,
Maruti 800,,
Maruti DZiRE,,
Maruti Esteem,,
Maserati 150S,,
Maserati 200S,,
Maserati 228,,
Maserati 250F,,
Maserati 26M,,
Maserati 300S,,
Maserati 3200 GT,,
Maserati 3500,,
Maserati 3500 GT,,
Maserati 350S,,
Maserati 420,,
Maserati 430,,
Maserati 450S,,
Maserati 5000 GT,,
Maserati 6CM,,
Maserati 75th Birdcage,,
Maserati 8C,,
Maserati A6,,
Maserati Barchetta,,
Maserati Birdcage 75th,,
Maserati Biturbo,,
Maserati Boomerang,,
Maserati Bora,,
Maserati Coupé   Spyder,,
Maserati Ghibli,,
Maserati Ghibli S,,
Maserati Ghibli S Q4,,
Maserati Gran Sport,,
Maserati GranCabrio,,
Maserati GranCabrio MC,,
Maserati GranCabrio MC Centennial Edition,,
Maserati GranCabrio Sport,,
Maserati GranTurismo,,
Maserati GranTurismo MC Centennial Edition,,
Maserati GranTurismo MC Stradale,,
Maserati GranTurismo Sport,,
Maserati Indy,,
Maserati Karif,,
Maserati Khamsin,,
Maserati Kyalami,,
Maserati Levante,,
Maserati MC12,,
Maserati Merak,,
Maserati Mexico,,
Maserati Mistral,,
Maserati Quattroporte,,
Maserati Quattroporte Diesel,,
Maserati Quattroporte GTS,,
Maserati Quattroporte S,,
Maserati Quattroporte S Q4,,
Maserati Racing,,
Maserati Sebring,,
Maserati Shamal,,
Maserati Spyder,,
Maserati Tipo 151,,
Maserati Tipo 154,,
Maserati Tipo 26M,,
Maserati Tipo 61,,
Maserati V8RI,,
Maxus D60,,
Maxus D90,,
Maxus EV30,,
Maxus G10,,
Maxus G20,,
Maxus G50,,
Maxus Istana,,
Maxus LD100,,
Maxus T60,,
Maxus V90,,
Maybach 12,,
Maybach 57,,
Maybach 57S,,
Maybach 62,,
Maybach 62 Landaulet,,
Maybach 62 S,,
Maybach 62S Zeppelin,,
Maybach DSH,,
Maybach Exelero,,
Maybach HL230,,
Maybach SW 38,,
Maybach SW 42,,
Maybach SW35,,
Maybach SW38,,
Maybach SW42,,
Maybach W1,,
Maybach W3,,
Maybach W5,,
Maybach W6,,
Maybach Zeppelin,,
Mazda 121,,
Mazda 2,,
Mazda 3,,
Mazda 323F,,
Mazda 6,,
Mazda 717C,,
Mazda 727C,,
Mazda 737C,,
Mazda 757,,
Mazda 787B,,
Mazda 929,,
Mazda Activehicle (1999),,
Mazda Atenza,,
Mazda Autozam Revue,,
Mazda Axela,,
Mazda AZ-Offroad,,
Mazda AZ-Wagon,,
Mazda AZ550 (1989),,
Mazda B-Series,,
Mazda Biante,,
Mazda Bongo,,
Mazda BT-50,,
Mazda BU-X (1995),,
Mazda Capella,,
Mazda Carol,,
Mazda Cronos,,
Mazda CU-X (1995),,
Mazda CVS (1974),,
Mazda CX-3,,
Mazda CX-5,,
Mazda CX-7,,
Mazda CX-9,,
Mazda Demio,,
Mazda Efini MS-8,,
Mazda Familia,,
Mazda Familia Astina,,
Mazda Ford Courier,,
Mazda Ford Festiva,,
Mazda Ford Laser,,
Mazda Furai,,
Mazda Gissya (1991),,
Mazda Hakaze,,
Mazda HR-X (1991),,
Mazda HR-X 2 (1993),,
Mazda Kaan,,
Mazda Kabura,,
Mazda Kazamai,,
Mazda Kiyora,,
Mazda Laputa,,
Mazda Le Mans Prototype (1983),,
Mazda London Taxi (1993),,
Mazda Mazda5,,
Mazda Mazdago,,
Mazda Mercury Tracer,,
Mazda Miata Mono-Posto (1999),,
Mazda Millenia,,
Mazda Minagi,,
Mazda MPV,,
Mazda MS-X (1997),,
Mazda MV-X (1997),,
Mazda MX-02 (1983),,
Mazda MX-03 (1985),,
Mazda MX-04 (1987),,
Mazda MX-3,,
Mazda MX-5,,
Mazda MX-5 10th Anniversary Model,,
Mazda MX-5 RF,,
Mazda MX-5 Superlight (2009),,
Mazda MX-6,,
Mazda MX-81 (1981),,
Mazda MX-Crossport (2005),,
Mazda MX-Flexa (2004),,
Mazda MX-Micro Sport (2004),,
Mazda MX Sport Tourier (2001),,
Mazda MX Sportif (2003),,
Mazda MXR-01,,
Mazda Nagare,,
Mazda Nasim,,
Mazda Navajo,,
Mazda Neospace (1999),,
Mazda Nextourer (1999),,
Mazda Persona,,
Mazda Porter,,
Mazda Premacy,,
Mazda Premacy Hydrogen RE Hybrid,,
Mazda R100,,
Mazda R360,,
Mazda Roadpacer AP,,
Mazda Rotary Pickup,,
Mazda RX-01 (1995),,
Mazda RX-2,,
Mazda RX-3,,
Mazda RX-4,,
Mazda RX-500 (1970),,
Mazda RX-7,,
Mazda RX-792P,,
Mazda RX-8,,
Mazda RX-8 Hydrogen RE,,
Mazda RX-Evolv (1999),,
Mazda RX 87 (1967),,
Mazda Ryuga,,
Mazda Sao Penza,,
Mazda Sassou,,
Mazda Savanna,,
Mazda Secret Hideout (2001),,
Mazda Senku,,
Mazda Sentia,,
Mazda Shinari,,
Mazda SU-V (1995),,
Mazda SW-X (1999),,
Mazda Taiki,,
Mazda Takeri,,
Mazda TD-R (1989),,
Mazda Titan,,
Mazda Tribute,,
Mazda Verisa,,
Mazda Xedos 6,,
Mazda3,,
Mazda6,,
Mazdaspeed3,,
McLaren 540C,,
McLaren 570S,,
McLaren 650S,,
McLaren 675LT,,
McLaren F1,,
McLaren F1 GTR,,
McLaren GT,,
McLaren M16C,,
McLaren M1A,,
McLaren M2B,,
McLaren M7A,,
McLaren M8D,,
McLaren MP4-12C,,
McLaren MP4 98T,,
McLaren P1,,
Mercede-Benz 2-Litres,,
Mercedes-Benz 130,,
Mercedes-Benz 150,,
Mercedes-Benz 170 H,,
Mercedes-Benz 190SL,,
Mercedes-Benz 200,,
Mercedes-Benz 200 Lang,,
Mercedes-Benz 260 D,,
Mercedes-Benz 300D,,
Mercedes-Benz 300SL,,
Mercedes-Benz 320,,
Mercedes-Benz 35 hp,,
Mercedes-Benz 370S,,
Mercedes-Benz 380K,,
Mercedes-Benz 400,,
Mercedes-Benz 450SEL 6.9,,
Mercedes-Benz 500K,,
Mercedes-Benz 540K,,
Mercedes-Benz 600,,
Mercedes-Benz 770,,
Mercedes-Benz A Class,,
Mercedes-Benz AMG,,
Mercedes-Benz AMG GT,,
Mercedes-Benz B Class,,
Mercedes-Benz C-Class 350 Sport,,
Mercedes-Benz C Class,,
Mercedes-Benz C300 Luxury,,
Mercedes-Benz C300 Luxury 4MATIC,,
Mercedes-Benz C300 Sport,,
Mercedes-Benz C300 Sport 4MATIC,,
Mercedes-Benz C63 AMG Sedan,,
Mercedes-Benz CL-Class,,
Mercedes-Benz CLA Class,,
Mercedes-Benz CLA Class Coupe,,
Mercedes-Benz CLC-Class,,
Mercedes-Benz CLK-Class,,
Mercedes-Benz CLK GTR,,
Mercedes-Benz CLS Class,,
Mercedes-Benz E Class,,
Mercedes-Benz E Class Cabriolet,,
Mercedes-Benz E Class Coupe,,
Mercedes-Benz E Class Sedan,,
Mercedes-Benz E Class Wagon,,
Mercedes-Benz F-Cell,,
Mercedes-Benz F-CELL Roadster,,
Mercedes-Benz G Class,,
Mercedes-Benz G Class SUV,,
Mercedes-Benz GL Class,,
Mercedes-Benz GL Class SUV,,
Mercedes-Benz GLA Class,,
Mercedes-Benz GLA Class SUV,,
Mercedes-Benz GLC Class,,
Mercedes-Benz GLE,,
Mercedes-Benz GLK Class SUV,,
Mercedes-Benz K,,
Mercedes-Benz M Class SUV,,
Mercedes-Benz Mannheim 370,,
Mercedes-Benz R-Class,,
Mercedes-Benz R107 and C107,,
Mercedes-Benz R129,,
Mercedes-Benz S-Class Hybrid,,
Mercedes-Benz S Class,,
Mercedes-Benz S Class Coupe,,
Mercedes-Benz S Class Sedan,,
Mercedes-Benz SL Class,,
Mercedes-Benz SL Class Roadster,,
Mercedes-Benz SLK Class,,
Mercedes-Benz SLK Class Roadster,,
Mercedes-Benz SLR McLaren,,
Mercedes-Benz SLS AMG,,
Mercedes-Benz SLS Class,,
Mercedes-Benz Sprinter,,
Mercedes-Benz SS,,
Mercedes-Benz Stuttgart 200,,
Mercedes-Benz Stuttgart 260,,
Mercedes-Benz Tropfenwagen,,
Mercedes-Benz V-Class,,
Mercedes-Benz Vaneo,,
Mercedes-Benz Velo,,
Mercedes-Benz Viano,,
Mercedes-Benz Vito,,
Mercedes-Benz W10,,
Mercedes-Benz W108,,
Mercedes-Benz W111,,
Mercedes-Benz W112,,
Mercedes-Benz W114,,
Mercedes-Benz W120,,
Mercedes-Benz W123,,
Mercedes-Benz W124,,
Mercedes-Benz W125,,
Mercedes-Benz W126,,
Mercedes-Benz W143,,
Mercedes-Benz W163,,
Mercedes-Benz W163 Grand Prix,,
Mercedes-Benz W164,,
Mercedes-Benz W18,,
Mercedes-Benz W201,,
Mercedes-Benz W212,,
Mercedes-Benz W219,,
Mercedes-Benz W221,,
Mercedes-Benz W31,,
Mercedes AMG GT S,,
Mercedes Benz 170 V,,
Meredes-Benz 28 95,,
MG-Lola EX257,,
MG 1100,,
MG 1300,,
MG 14 28,,
MG 14 40,,
MG 18 100,,
MG 18 80,,
MG 3,,
MG 3 TROPHY CHAMPIONSHIP CONCEPT – June 2014,,
MG 350,,
MG 5,,
MG 6,,
MG 7,,
MG C-type Midget,,
MG CS – 2013,,
MG D-type Midget,,
MG EV Concept – 2014,,
MG EX-E – 1985,,
MG F-type Magna,,
MG F   MG TF,,
MG GS,,
MG GT,,
MG ICON – 2012,,
MG J-type Midget,,
MG K-type Magnette,,
MG KN,,
MG L-type Magna,,
MG M-type Midget,,
MG Magnette Mark III,,
MG Magnette Mark IV,,
MG Magnette ZA,,
MG Magnette ZB,,
MG Metro – 1980–1987,,
MG MGA,,
MG MGB,,
MG MGC,,
MG Midget,,
MG N-type Magnette,,
MG P-type Midget,,
MG Q-type,,
MG R-type,,
MG SA,,
MG T-type,,
MG VA,,
MG WA,,
MG X-Power WR,,
MG XPower SV,,
MG Y-type,,
MG ZR – 2001–2005,,
MG ZS,,
MG ZT,,
mid-90’s Grand Prix,,
Miller Lite Hino 338 T Verrastro,,
Mini 3 Door,,
Mini 5 Door,,
Mini Clubman,,
Mini Convertible,,
Mini Cooper,,
Mini Cooper Countryman,,
Mini Cooper S,,
Mini Cooper S Clubman,,
Mini Countryman,,
Mini Hatch,,
Mini Mk I Cooper,,
Mini Mk II Cooper,,
Mini Moke,,
Mini Paceman,,
Mitsubishi 380,,
Mitsubishi 500,,
Mitsubishi Adventure,,
Mitsubishi Aspire (8th Generation of Galant Model),,
Mitsubishi ASX Model,,
Mitsubishi Carisma,,
Mitsubishi Challenger (1996–2008),,
Mitsubishi Chariot (1983–2003),,
Mitsubishi Colt,,
Mitsubishi Colt 1000,,
Mitsubishi Colt 1100,,
Mitsubishi Colt 1500,,
Mitsubishi Colt 600,,
Mitsubishi Colt 800,,
Mitsubishi Cordia (1982–1990),,
Mitsubishi Debonair (1964–1998),,
Mitsubishi Delica (1968–present),,
Mitsubishi Diamante,,
Mitsubishi Dignity (1999–2001),,
Mitsubishi Dingo,,
Mitsubishi Dion,,
Mitsubishi Eagle Summit,,
Mitsubishi Eagle Talon,,
Mitsubishi Eagle Vista,,
Mitsubishi Eclipse (1989–2011),,
Mitsubishi Eclipse Cross,,
Mitsubishi eK (2001–present),,
Mitsubishi Emeraude (7th Generation of Galant Model),,
Mitsubishi Endeavor,,
Mitsubishi Eterna (5th Generation of Galant Model),,
Mitsubishi Eterna Sava (Pillarless Sedan Model),,
Mitsubishi Eterna Sigma (1983–1989),,
Mitsubishi Freeca,,
Mitsubishi FTO (1994–2000),,
Mitsubishi Fuso Aero Bus,,
Mitsubishi Galant,,
Mitsubishi Galant FTO,,
Mitsubishi Galant GTO,,
Mitsubishi Galant Lambda,,
Mitsubishi Galant Sigma (1969–2012),,
Mitsubishi Galant Sports (1994–1996),,
Mitsubishi Galant VR-4,,
Mitsubishi Grandis,,
Mitsubishi GTO (1990–2001),,
Mitsubishi i,,
Mitsubishi i Miev (2009–present),,
Mitsubishi L200,,
Mitsubishi L300,,
Mitsubishi Lancer (1973–present),,
Mitsubishi Lancer 1600 GSR,,
Mitsubishi Lancer Cedia (2000–2007),,
Mitsubishi Lancer Evolution,,
Mitsubishi Lancer EX,,
Mitsubishi Legnum,,
Mitsubishi Libero,,
Mitsubishi Magna,,
Mitsubishi Maven,,
Mitsubishi Minicab,,
Mitsubishi Mirage,,
Mitsubishi Mirage G4,,
Mitsubishi Model A,,
Mitsubishi Montero Sport,,
Mitsubishi Outlander,,
Mitsubishi Pajero,,
Mitsubishi Pajero iO,,
Mitsubishi Pajero Junior,,
Mitsubishi Pistachio,,
Mitsubishi Proudia,,
Mitsubishi PX33,,
Mitsubishi Racing Lancer,,
Mitsubishi RVR,,
Mitsubishi Savrin,,
Mitsubishi Sigma,,
Mitsubishi Space Star,,
Mitsubishi Starion,,
Mitsubishi Strada,,
Mitsubishi Toppo,,
Mitsubishi Town Box,,
Mitsubishi Tredia,,
Mitsubishi Truck,,
Mitsubishi XM,,
Mitsubishi Xpander,,
Mitsubishi Zinger,,
Mitsuoka Galue,,
Mitsuoka Galue 204,,
Mitsuoka Himiko,,
Mitsuoka Le-Seyde,,
Mitsuoka Like,,
Mitsuoka Like-T3,,
Mitsuoka MC-1,,
Mitsuoka Nouera,,
Mitsuoka Orochi,,
Mitsuoka Ray,,
Mitsuoka Rock Star,,
Mitsuoka Ryoga,,
Mitsuoka Ryugi,,
Mitsuoka Viewt,,
Mitsuoka Yuga,,
Mitsuoka Zero 1,,
Morgan +4,,
Morgan 1909 Runabout,,
Morgan 1911–1939 V-Twin 3-wheeler,,
Morgan 1932–1952 F-Series 3-wheeler,,
Morgan 1950–1969 Plus 4,,
Morgan 1964–1967 Plus 4 Plus,,
Morgan 1968–2004 2012- Plus 8,,
Morgan 1985–2000 Plus 4,,
Morgan 2001–2009 Aero 8,,
Morgan 2006-pending Morgan Lifecar,,
Morgan 2008–2009 Morgan AeroMax,,
Morgan 2010–pending Morgan Eva GT,,
Morgan 2011 Morgan Plus 4 SS,,
Morgan 2011–pending Morgan Plus E,,
Morgan 3 Wheeler,,
Morgan 4 4,,
Morgan 4 4 1.6L,,
Morgan Aero,,
Morgan Aero 8,,
Morgan Aero SuperSports,,
Morgan AeroMax,,
Morgan Classic,,
Morgan Eva GT,,
Morgan F4 Open Tourer,,
Morgan LIFEcar,,
Morgan Plus 4,,
Morgan Plus 4 2.0L,,
Morgan Plus 8,,
Morgan Plus 8 4.8L,,
Morgan Plus E,,
Morgan Roadster,,
Morgan Roadster 3.7L,,
Morgan Runabout,,
Morgan Since 1936 4 4 Two-Seater and Four-Seater,,
Morgan Since 2004 V6 Roadster,,
Morgan Since 2005 Plus 4,,
Morgan Since 2009 Morgan 4 4 Sport,,
Morgan Since 2011 Morgan Anniversdary 4 4,,
Morgan Since 2012 Morgan Aero Coupe,,
Morgan Since 2012 Morgan Aero Plus 8,,
Morgan Since 2012 Morgan Roadster 3.7,,
Morgan Since 2012 Morgan Three Wheeler,,
Morgan Super Sports,,
Morgan V-Twin,,
Morris 2200,,
Morris 250 JU,,
Morris Austin 1800,,
Morris C8,,
Morris Commercial J-type,,
Morris Commercial J2,,
Morris Commercial J4,,
Morris Cowley,,
Morris Cowley Six,,
Morris CS9,,
Morris Eight,,
Morris Fourteen,,
Morris Isis,,
Morris Ital,,
Morris M.G. 1¼-litre,,
Morris Major,,
Morris MarinaMorris Marshal,,
Morris MG TD Midget,,
Morris Mini Cooper 1961,,
Morris Mini Saloon De Luxe,,
Morris Minor,,
Morris Nomad,,
Morris Oxford,,
Morris Oxford bullnose,,
Morris Oxford Farina,,
Morris Oxford flatnose,,
Morris Oxford MO,,
Morris Oxford series II,,
Morris Oxford series III,,
Morris Princess,,
Morris Riley 1½-litre,,
Morris Riley 2½-litre,,
Morris Six,,
Morris Six MS,,
Morris Ten,,
Morris Ten Six,,
Morris Twelve,,
Morris Twenty-One,,
Morris Wolseley 4 50,,
Morris Wolseley 6 80,,
MTX Tatra V8,,
NIO EC6,,
NIO EP9,,
NIO ES6,,
NIO ES8,,
NIO ET7,,
NIO EVE,,
Nissan 180SX,,
Nissan 200SX,,
Nissan 240SX,,
Nissan 280ZX,,
Nissan 300C,,
Nissan 350Z,,
Nissan AD AD Expert Model,,
Nissan Almera,,
Nissan Almera Tino,,
Nissan Altima,,
Nissan Altra,,
Nissan Armada 2003–present,,
Nissan Atlas   Cabstar (1982-present),,
Nissan Atleon,,
Nissan Avenir,,
Nissan Bassara,,
Nissan Be-1,,
Nissan Bevel,,
Nissan Bluebird,,
Nissan Bluebird (U12),,
Nissan Bluebird Sylphy,,
Nissan Caravan   Urvan (1973–present),,
Nissan Cedric,,
Nissan Cedric Y31,,
Nissan Cefiro,,
Nissan Cherry,,
Nissan Cima,,
Nissan Civilian,,
Nissan Crew,,
Nissan Cube (1998–present),,
Nissan Diesel Big Thumb,,
Nissan Diesel Condor,,
Nissan Diesel Quon,,
Nissan Diesel RN,,
Nissan Diesel Space Runner JP,,
Nissan Diesel Space Runner RM,,
Nissan Diesel Space Runner RP,,
Nissan Elgrand (1997-present),,
Nissan Fairlady Z (2002-present),,
Nissan Fairlady Z   370Z Coupe (2002-present),,
Nissan Fairlady Z Roadster   370Z Roadster,,
Nissan Figaro,,
Nissan Frontier Model,,
Nissan Fuga,,
Nissan Gazelle,,
Nissan Gloria,,
Nissan Gloria Y31,,
Nissan Grand Livina,,
Nissan GT-R,,
Nissan GTP ZX-Turbo,,
Nissan Hardbody Truck,,
Nissan Homy,,
Nissan Hypermini,,
Nissan Juke,,
Nissan Lafesta Highway Star (2004 – 2012),,
Nissan Largo,,
Nissan Laurel,,
Nissan Leaf,,
Nissan Leopard,,
Nissan Liberty,,
Nissan Livina Geniss,,
Nissan March   Micra (1982–present),,
Nissan Maxima,,
Nissan Micra,,
Nissan Murano (2002–present),,
Nissan Note (2004–present),,
Nissan NP200 Model,,
Nissan NP300   Navara,,
Nissan NPT-90 (1990),,
Nissan NV1500 NV2500 HD NV3500 HD Model,,
Nissan NV200 VANETTE Model,,
Nissan NV350 Caravan Model,,
Nissan NV350 Urvan Model,,
Nissan NV400 Model,,
Nissan NX,,
Nissan P35,,
Nissan Paladin,,
Nissan Pao,,
Nissan Pathfinder Terrano (1985-present),,
Nissan Patrol,,
Nissan Patrol Royale,,
Nissan Patrol Super Safari,,
Nissan Prairie,,
Nissan Presage,,
Nissan Presea,,
Nissan President,,
Nissan Primastar Model,,
Nissan Primera,,
Nissan Prince Homer,,
Nissan Prince R380,,
Nissan Prince Royal,,
Nissan Pulsar GTI-R,,
Nissan Qashqai   Dualis (2006–present),,
Nissan Quest (2004–2009),,
Nissan R381,,
Nissan R382,,
Nissan R383 (1970),,
Nissan R390 GT1,,
Nissan R391,,
Nissan R89C,,
Nissan R90C,,
Nissan Rasheen,,
Nissan R’nessa,,
Nissan Rogue (2007—present),,
Nissan S-Cargo,,
Nissan S30,,
Nissan Saurus,,
Nissan Saurus Jr.,,
Nissan Sentra Tsuru Sunny (1992–present),,
Nissan Serena (1991 – present),,
Nissan Sileighty,,
Nissan Silvia (1974–2002),,
Nissan Skyline,,
Nissan Stagea,,
Nissan Stanza,,
Nissan Sunny,,
Nissan Sylphy,,
Nissan Teana (2003–present),,
Nissan Terrano II,,
Nissan The Third Generation (Z31): 300ZX,,
Nissan Tiida,,
Nissan Titan,,
Nissan Ute,,
Nissan Vanette,,
Nissan Versa   Latio,,
Nissan Versa HB,,
Nissan Violet Stanza,,
Nissan Wingroad,,
Nissan X-TRAIL,,
Nissan Xterra (1999–2015),,
Nissan Z-car,,
Noble M12,,
Noble M12 GTO 3R,,
Noble M14,,
Noble M15,,
Noble M400,,
Noble m600,,
Opel Admiral,,
Opel Agila,,
Opel Antara,,
Opel Ascona C,,
Opel Astra,,
Opel Astra G,,
Opel Astra J,,
Opel Blitz,,
Opel Calibra,,
Opel Combo,,
Opel Commodore,,
Opel Corsa,,
Opel Corsa D,,
Opel Diplomat,,
Opel GT,,
Opel Insignia,,
Opel Kadett,,
Opel Kadett D,,
Opel Kapitän,,
Opel Laubfrosch,,
Opel Manta,,
Opel Meriva,,
Opel Meriva B,,
Opel Movano,,
Opel Olympia,,
Opel Omega,,
Opel Omega B,,
Opel Rekord,,
Opel Senator,,
Opel Signum,,
Opel Super 6,,
Opel Tigra,,
Opel Vectra,,
Opel Vivaro,,
Opel Zafira,,
Pagani Huayra,,
Pagani Zonda Absolute,,
Pagani Zonda C12,,
Pagani Zonda Cinque,,
Pagani Zonda Cinque Roadster,,
Pagani Zonda F,,
Pagani Zonda GJ,,
Pagani Zonda PS,,
Pagani Zonda R,,
Pagani Zonda Revolucion,,
Pagani Zonda Roadster,,
Pagani Zonda Roadster F,,
Pagani Zonda S 7.3,,
Pagani Zonda Tricolore,,
Pagani Zonda Uno,,
Perodua Alza,,
Perodua Axia,,
Perodua Bezza,,
Perodua Kancil,,
Perodua Kelisa,,
Perodua Kembara,,
Perodua Kenari,,
Perodua Myvi,,
Perodua Myvi EZi,,
Perodua Nautica,,
Perodua Rusa,,
Perodua Viva,,
Peugeot 1007,,
Peugeot 104,,
Peugeot 106,,
Peugeot 107,,
Peugeot 2008,,
Peugeot 201,,
Peugeot 202,,
Peugeot 203,,
Peugeot 204,,
Peugeot 205,,
Peugeot 206,,
Peugeot 207,,
Peugeot 208,,
Peugeot 3008,,
Peugeot 301,,
Peugeot 302,,
Peugeot 304,,
Peugeot 305,,
Peugeot 306,,
Peugeot 307,,
Peugeot 308,,
Peugeot 309,,
Peugeot 4002,,
Peugeot 4007,,
Peugeot 401,,
Peugeot 402,,
Peugeot 403,,
Peugeot 404,,
Peugeot 405,,
Peugeot 406,,
Peugeot 407,,
Peugeot 408,,
Peugeot 5008,,
Peugeot 504,,
Peugeot 505,,
Peugeot 508,,
Peugeot 5CV,,
Peugeot 601,,
Peugeot 604,,
Peugeot 605,,
Peugeot 607,,
Peugeot 608,,
Peugeot 905,,
Peugeot 907,,
Peugeot 908 HDi FAP,,
Peugeot Bipper,,
Peugeot Boxer,,
Peugeot D3 D3A,,
Peugeot D4 D4A,,
Peugeot Darl’mat,,
Peugeot DMA DMAH,,
Peugeot Expert,,
Peugeot Expert Tepee,,
Peugeot H2Origin,,
Peugeot Hoggar (Pick up designed and manufactured in Brazil since 2010),,
Peugeot iOn,,
Peugeot J5 J7 J9,,
Peugeot Ludix,,
Peugeot P4,,
Peugeot Pars (also known as Persia),,
Peugeot Partner,,
Peugeot Quadrilette,,
Peugeot RCZ,,
Peugeot ROA,,
Peugeot Talbot Samba,,
Peugeot Type 10,,
Peugeot Type 105,,
Peugeot Type 125,,
Peugeot Type 15,,
Peugeot Type 153,,
Peugeot Type 159,,
Peugeot Type 16,,
Peugeot Type 163,,
Peugeot Type 174,,
Peugeot Type 175,,
Peugeot Type 176,,
Peugeot Type 190,,
Peugeot Type 26,,
Peugeot Type 3,,
Peugeot Type 33,,
Peugeot Type 36,,
Peugeot Type 4,,
Peugeot Type 5,,
Peugeot Type 54,,
Peugeot Type 56,,
Peugeot Type 6,,
Peugeot Type 66,,
Peugeot Type 8,,
Peugeot Type 81,,
Peugeot VLV,,
Polestar 1,,
Polestar 2,,
Pontiac 1000,,
Pontiac 2+2,,
Pontiac 6000,,
Pontiac Aztek,,
Pontiac Banshee,,
Pontiac Can Am,,
Pontiac Catalina,,
Pontiac Catalina Super Duty 421,,
Pontiac Chieftain,,
Pontiac Cobalt,,
Pontiac Custom S,,
Pontiac Executive,,
Pontiac Fiero,,
Pontiac Firebird,,
Pontiac Firebird 400,,
Pontiac Firefly,,
Pontiac G3,,
Pontiac G5,,
Pontiac G6,,
Pontiac G8,,
Pontiac Grand Prix,,
Pontiac Grand Safari,,
Pontiac GTO,,
Pontiac GTO Judge,,
Pontiac Le Mans,,
Pontiac LeMans,,
Pontiac Montana minivan,,
Pontiac Parisienne,,
Pontiac Pathfinder,,
Pontiac Phoenix,,
Pontiac Polaris,,
Pontiac Safari,,
Pontiac Solstice,,
Pontiac Star Chief 1955,,
Pontiac Streamliner,,
Pontiac Sunbird,,
Pontiac Sunfire,,
Pontiac Tempest,,
Pontiac Torrents,,
Pontiac Trans Am Super Duty 455,,
Pontiac Trans Sport,,
Pontiac Ventura,,
Pontiac Vibe,,
Porsche-March 89P,,
Porsche 108F,,
Porsche 114,,
Porsche 312,,
Porsche 356,,
Porsche 356 Carrera,,
Porsche 356 1,,
Porsche 360 Cisitalia,,
Porsche 550 Spyder,,
Porsche 64,,
Porsche 695 (911 prototype),,
Porsche 718 Boxter,,
Porsche 718 Cayman,,
Porsche 787,,
Porsche 804,,
Porsche 901 (911 prototype),,
Porsche 904,,
Porsche 906,,
Porsche 907,,
Porsche 908,,
Porsche 909 Bergspyder,,
Porsche 910,,
Porsche 911,,
Porsche 911 4-seat coupe, targa and cabriolet,,
Porsche 911 Carrera,,
Porsche 911 GT1 Straßenversion,,
Porsche 911 GT2,,
Porsche 911 GT3,,
Porsche 911 Targa 4,,
Porsche 912,,
Porsche 914,,
Porsche 914-6 GT,,
Porsche 916 (flat-6 914),,
Porsche 917,,
Porsche 918 RSR,,
Porsche 918 Spyder,,
Porsche 924,,
Porsche 928,,
Porsche 930,,
Porsche 934,,
Porsche 935,,
Porsche 936,,
Porsche 942,,
Porsche 944,,
Porsche 956,,
Porsche 959,,
Porsche 959 Prototype,,
Porsche 961,,
Porsche 962,,
Porsche 964,,
Porsche 968,,
Porsche 969,,
Porsche 989,,
Porsche 993,,
Porsche 996,,
Porsche 997,,
Porsche AP Series,,
Porsche Boxster,,
Porsche Boxster 2-seat roadster,,
Porsche Boxster concept,,
Porsche C88,,
Porsche Carrera,,
Porsche Carrera GT,,
Porsche Cayenne,,
Porsche Cayenne SUV,,
Porsche Cayman,,
Porsche Cayman 2-seat coupe,,
Porsche Cayman S,,
Porsche Junior (14 hp),,
Porsche Le Mans 2014 Project,,
Porsche LMP2000 (never raced),,
Porsche Macan,,
Porsche Macan SUV (expected 2013),,
Porsche Master (50 hp),,
Porsche Panamera,,
Porsche Panamera 4-seat sports sedan,,
Porsche Panamera Turbo,,
Porsche Panamericana,,
Porsche R22,,
Porsche Roxster,,
Porsche RS Spyder (9R6),,
Porsche Ruf CTR2,,
Porsche Ruf Rt 12,,
Porsche Standard (25 hp),,
Porsche Super (38 hp),,
Porsche TechArt 997 Carrera,,
Porsche TechArt 997 Turbo,,
Porsche TECHART GTsport,,
Porsche TechArt Magnum,,
Porsche Type 110,,
Porsche WSC-95   LMP1-98,,
Priora VAZ-2171,,
Priora VAZ-2172,,
Proton Arena,,
Proton Ertiga,,
Proton Exora,,
Proton Gen-2,,
Proton Impian,,
Proton Inspira,,
Proton Iriz,,
Proton Juara,,
Proton Perdana,,
Proton Persona,,
Proton Preve,,
Proton Putra,,
Proton Saga,,
Proton Saga Aeroback,,
Proton Saga Iswara,,
Proton Satria,,
Proton Satria Neo,,
Proton Satria Neo CUSCO Edition,,
Proton Satria Neo S2000,,
Proton Satria R3,,
Proton Savvy,,
Proton Suprima S,,
Proton Tiara,,
Proton Waja,,
Proton Wira,,
Proton Wira saloon,,
Ram 1500,,
Ram 1500 DS Crew Cab,,
Ram 1500 ProMaster Tradesman SWB std roof,,
Ram 2500,,
Ram 3500,,
Ram 3500 CHASSIS CAB,,
Ram 3500 SRW 10K GVWR CHASSIS CAB,,
Ram 4500 CHASSIS CAB,,
Ram 5500 CHASSIS CAB,,
Ram 700,,
Ram Cargo Van,,
Ram Chassis Cab,,
Ram Pickup,,
Ram Promaster,,
Ram Promaster City,,
Ram PROMASTER CITY® TRADESMAN,,
Ram PROMASTER CITY® WAGON,,
Ram PROMASTER® CARGO VAN,,
Ram PROMASTER® CUTAWAY,,
Ram PROMASTER® WINDOW VAN,,
Range Rover (L322) (2002-2012),,
Range Rover (L405) (2012-present),,
Range Rover (P38A) (1994-2002),,
Range Rover (Since 1970) ,,
Range Rover Classic (1970–1995),,
Range Rover Evoque,,
Range Rover Sport,,
Range Rover Velar,,
Range Stormer,,
Ranger Special Operations Vehicle,,
Refine M2,,
Refine M3,,
Refine M4,,
Refine M6,,
Refine R3,,
Refine S2,,
Refine S3,,
Refine S5,,
Refine S7,,
Relaint Sabre Four,,
Reliant Bond Bug,,
Reliant Fox,,
Reliant FW11,,
Reliant Kitten,,
Reliant Kitten Estate,,
Reliant Kitten saloon,,
Reliant Rebel,,
Reliant Rebel estate,,
Reliant Rebel saloon,,
Reliant Regal,,
Reliant Regent,,
Reliant Rialto,,
Reliant Rialto Estate,,
Reliant Rialto Saloon,,
Reliant Robin,,
Reliant Sabre,,
Reliant Sabre Four,,
Reliant Scimitar,,
Reliant Scimitar GT,,
Reliant Scimitar GTC,,
Reliant Scimitar GTE,,
Reliant Scimitar Sabre,,
Reliant Scimitar SS1,,
Reliant Scimitar SS1 1800Ti,,
Reliant Scimitar SST 1800 Ti,,
Reliant TW9,,
Renault Étoile Filante,,
Renault 10CV,,
Renault 12,,
Renault 14,,
Renault 15CV,,
Renault 16,,
Renault 18,,
Renault 18 22CV,,
Renault 19,,
Renault 20 30,,
Renault 21,,
Renault 24CV,,
Renault 25,,
Renault 3,,
Renault 4,,
Renault 40CV,,
Renault 4CV,,
Renault 5,,
Renault 5 Alpine,,
Renault 5 Alpine Turbo,,
Renault 5 GT Turbo,,
Renault 5 Turbo,,
Renault 6,,
Renault 7,,
Renault 8,,
Renault 9 & 11,,
Renault Alliance,,
Renault Alpine A110 50,,
Renault Alpine A442,,
Renault Alpine A610 Turbo,,
Renault Alpine GTA A610,,
Renault Altica,,
Renault Argos,,
Renault Avantime,,
Renault AX,,
Renault Caravelle,,
Renault Celtaquatre,,
Renault Clio,,
Renault Clio III (2005 2009; hatchback, 3 and 5-doors, Grand Tourer),,
Renault Clio IV (2012; hatchback 5-door),,
Renault Clio Renault Sport,,
Renault Clio V6 Renault Sport,,
Renault Colorale,,
Renault Dauphine,,
Renault Eagle Medallion,,
Renault Eagle Premier,,
Renault Elect’road,,
Renault Espace IV (2003; also available as Grand Espace),,
Renault Estafette,,
Renault Fiftie,,
Renault Fluence (2010; saloon based on the Mégane III platform),,
Renault Fluence Z.E.,,
Renault Frégate,,
Renault Fuego,,
Renault Grand Prix,,
Renault GS,,
Renault GTA,,
Renault Juvaquatre,,
Renault Kangoo,,
Renault Kangoo II (2009),,
Renault KJ,,
Renault Koleos,,
Renault Koleos (2008),,
Renault KZ,,
Renault Laguna,,
Renault Laguna Coupe,,
Renault Laguna III (2007 2009; hatchback, Grand Tourer),,
Renault Mégane,,
Renault Mégane III (2009),,
Renault Mégane Renault Sport,,
Renault Magnum,,
Renault Master,,
Renault Megane,,
Renault Megane II (estate version sold in some markets as Grand Tour),,
Renault Midlum,,
Renault Modus (2004; also available as Grand Modus),,
Renault Monaquatre,,
Renault Monasix,,
Renault Monastella,,
Renault Nepta,,
Renault Nerva Grand Sport,,
Renault Nervahuit,,
Renault Nervastella,,
Renault NN,,
Renault PR100.3,,
Renault Primaquatre,,
Renault Primastella,,
Renault Pulse (2012; India only version of the Nissan Micra),,
Renault Puncher,,
Renault R35,,
Renault Racoon,,
Renault Reinasport,,
Renault Reinastella,,
Renault Renault Espace,,
Renault Rodeo,,
Renault Safrane,,
Renault Safrane II (2008),,
Renault Samsung SM3,,
Renault Scénic,,
Renault Scénic III (2009; also available as Grand Scénic),,
Renault Scala (2012; India only version of Nissan Sunny),,
Renault Scenic,,
Renault Sherpa 2,,
Renault Sport Spider,,
Renault Suprastella,,
Renault Symbol,,
Renault Talisman,,
Renault Taxi de la Marne,,
Renault Towncar,,
Renault Trafic,,
Renault Twingo,,
Renault Twingo II (2007),,
Renault Twizy,,
Renault Type MT,,
Renault Type Y,,
Renault Vel Satis,,
Renault Viva Grand Sport,,
Renault Vivaquatre,,
Renault Vivasix,,
Renault Vivastella,,
Renault Voiturette,,
Renault Wind (2010),,
Renault Zoe,,
Renault Zoom,,
Rolls-Royce 10 hp,,
Rolls-Royce 15 hp,,
Rolls-Royce 20 25,,
Rolls-Royce 25 30,,
Rolls-Royce 30 hp,,
Rolls-Royce Camargue,,
Rolls-Royce Corniche,,
Rolls-Royce Dawn,,
Rolls-Royce Ghost,,
Rolls-Royce Phantom,,
Rolls-Royce Phantom Coupé,,
Rolls-Royce Phantom Coupe,,
Rolls-Royce Phantom Drophead Coupé,,
Rolls-Royce Phantom I,,
Rolls-Royce Phantom II,,
Rolls-Royce Phantom III,,
Rolls-Royce Phantom IV,,
Rolls-Royce Phantom V,,
Rolls-Royce Phantom VI,,
Rolls-Royce Silver Cloud,,
Rolls-Royce Silver Dawn,,
Rolls-Royce Silver Ghost,,
Rolls-Royce Silver Seraph,,
Rolls-Royce Silver Shadow,,
Rolls-Royce Silver Spirit,,
Rolls-Royce Silver Wraith,,
Rolls-Royce Twenty,,
Rolls-Royce V-8,,
Rolls-Royce Wraith,,
Rover CityRover,,
Ruf 3400S 3600S,,
Ruf 3800S,,
Ruf 911,,
Ruf BTR,,
Ruf BTR2,,
Ruf CTR “Yellowbird”,,
Ruf CTR2,,
Ruf CTR3,,
Ruf Dakara,,
Ruf Low,,
Ruf R Kompressor,,
Ruf R Turbo,,
Ruf RCT RCT EVO,,
Ruf RGT,,
Ruf RGT-8,,
Ruf RK Coupe Spyder,,
Ruf Rt 12,,
Ruf Rt35,,
Ruf Rt35 S,,
Ruf RXL,,
Ruf SCR,,
Ruf Turbo 3.3,,
Ruf Turbo Florio,,
Saab 9-2,,
Saab 9-2X Linear,,
Saab 9-3,,
Saab 9-4X,,
Saab 9-5,,
Saab 90,,
Saab 900,,
Saab 9000,,
Saab 92,,
Saab 93,,
Saab 95,,
Saab 96,,
Saab 99,,
Saab Aero-X,,
Saab Formula Junior,,
Saab GT750,,
Saab Sonett I,,
Saab Sonett II,,
Saab Sonett III,,
Saab Sport,,
Saleen 181 Car Model,,
Saleen 302 Mustang,,
Saleen 570 Challenger,,
Saleen 620 Camaro,,
Saleen FourSixteen,,
Saleen GTX,,
Saleen S281,,
Saleen S5S Raptor,,
Saleen S7R,,
Saturn Astra,,
Saturn Aura,,
Saturn Curve,,
Saturn CV1,,
Saturn Flextreme,,
Saturn Ion,,
Saturn L-Series,,
Saturn Limited Edition SC2,,
Saturn Outlook,,
Saturn PreVue,,
Saturn Prototype,,
Saturn Relay,,
Saturn S-Series,,
Saturn SC,,
Saturn SC1,,
Saturn SC2,,
Saturn Sky,,
Saturn SL,,
Saturn SL2 Homecoming Edition,,
Saturn SW1,,
Saturn SW2,,
Saturn VUE,,
Saturn Vue Hybrid 2-Mode,,
SC (Sports Coupé) (Hatchback),,
Scion bbX,,
Scion FR-s,,
Scion Fuse,,
Scion Hako,,
Scion iA,,
Scion iM,,
Scion iQ,,
Scion t2B,,
Scion tC,,
Scion xA,,
Scion xB,,
Scion xD,,
Seat 1200 Sport,,
SEAT 128,,
SEAT 132,,
Seat 132 Madrid,,
SEAT 133,,
SEAT 1400,,
SEAT 1430,,
SEAT 1500,,
SEAT 600,,
SEAT 850,,
Seat 850 Spider vl blue TCE,,
SEAT 850 Sport,,
SEAT Alhambra,,
SEAT Altea,,
SEAT Altea XL Freetrack,,
SEAT Arona,,
SEAT Arosa,,
Seat Ateca,,
SEAT Bocanegra,,
SEAT Bolero,,
SEAT Córdoba,,
SEAT Córdoba SX,,
SEAT Cupra GT,,
SEAT Exeo,,
SEAT Fórmula,,
SEAT Fura,,
Seat IBE v2,,
SEAT Ibiza,,
SEAT Ibiza Mk1,,
SEAT IBL Concept,,
SEAT Inca,,
SEAT León Mk1,,
SEAT León Mk1 Cupra R,,
SEAT León TDI,,
SEAT León Twin drive,,
SEAT Leon,,
SEAT Leon ST,,
SEAT Leon X-PERIENCE,,
SEAT Málaga,,
SEAT Marbella,,
SEAT Mii,,
SEAT Proto,,
SEAT Ronda,,
SEAT Salsa,,
SEAT Tango,,
SEAT Tarraco,,
SEAT Toledo,,
SEAT Toledo Mk1,,
SEAT Tribu,,
Second-generation Chevrolet Camaro,,
Senova CC,,
Senova D20,,
Senova D50,,
Senova D70,,
Senova X25,,
Senova X35,,
Senova X55,,
Senova X65,,
Series II (1958–1961),,
Series IIA (1961–1971),,
Series III (1971–1985),,
Shanghai-Volkswagen Lavida,,
Shorland armoured car (1970),,
Skoda Fabia,,
Skoda Joyster,,
Skoda Mission,,
Skoda Octavia,,
Skoda Rapid,,
Skoda Roomster,,
Skoda Superb,,
Skoda Vision E,,
Skoda Vision X,,
Skoda Yeti,,
SMART BRABUS Forfour,,
Smart BRABUS Fortwo,,
Smart BRABUS Fortwo Cabrio,,
Smart Cabrio Tailor Made,,
Smart City Coupe and City Cabrio,,
Smart Crossblade,,
Smart Edition #1,,
Smart EQ Forfour,,
Smart EQ Fortwo,,
Smart EQ Fortwo Cabrio,,
Smart Forfour,,
Smart Formore,,
Smart Fortwo,,
Smart Fortwo Cabrio,,
Smart Fortwo Cabriolet,,
Smart Fortwo ED,,
Smart Fortwo Electric Drive,,
Smart Fortwo Special Models,,
Smart K,,
Smart Roadster,,
Snatch Land Rover (1992),,
Spyker B6 Venator,,
Spyker C12 Zagato,,
Spyker C8,,
Spyker C8 Aileron,,
Spyker C8 convertible,,
Spyker C8 Spyder fL,,
Spyker D12,,
Spyker D8,,
Spyker Silvestris V8,,
SS Jaguar,,
SsangYong Actyon,,
SsangYong Actyon Sports,,
SsangYong Chairman,,
SsangYong Chairman H,,
SsangYong Chairman W,,
SsangYong DA Truck,,
SsangYong Istana,,
SsangYong Kallista,,
SsangYong Korando,,
SsangYong Korando Family,,
SsangYong Kyron,,
SsangYong Musso,,
SsangYong Musso Sports,,
SsangYong Rexton,,
SsangYong Rexton II,,
SsangYong Rexton W,,
SsangYong Rodius,,
SsangYong SY Truck,,
SsangYong Tivoli,,
SsangYong Tivoli XLV,,
SsangYong Transtar,,
ST (Sports Tourer) (Estate Wagon),,
Subaru 1000,,
Subaru 1500,,
Subaru 360,,
Subaru Alcyone SVX,,
Subaru B9 Scrambler,,
Subaru B9sc,,
Subaru Baja,,
Subaru BRAT,,
Subaru BRZ,,
Subaru Cross Sport,,
Subaru Exiga,,
Subaru FF-1 Star,,
Subaru Forester,,
Subaru Forester 2013,,
Subaru Forester X 2008,,
Subaru G,,
Subaru Impreza,,
Subaru Impreza RB320,,
Subaru impreza RB5,,
Subaru Impreza WRX WRP10,,
Subaru Justy,,
Subaru Legacy,,
Subaru Legacy 5th Generation,,
Subaru Legacy Sedan,,
Subaru Leone,,
Subaru Levorg,,
Subaru Loyale,,
Subaru Outback,,
Subaru Pleo,,
Subaru R-2,,
Subaru R1,,
Subaru R1e,,
Subaru R2,,
Subaru Rex,,
Subaru Sambar,,
Subaru Stella,,
Subaru Sti Wagon,,
Subaru Sumo,,
Subaru Tribeca,,
Subaru Vivio,,
Subaru Viziv Concept,,
Subaru Wrx,,
Subaru Wrx Sti,,
Subaru XT,,
Subaru XV,,
Subaru XV Crosstrek,,
Suzuki Aerio Liana,,
Suzuki Alto,,
Suzuki APV,,
Suzuki Cappuccino,,
Suzuki Celerio,,
Suzuki Cervo,,
Suzuki Ciaz,,
Suzuki Concept X,,
Suzuki Cultus,,
Suzuki Cultus Crescent,,
Suzuki Equator,,
Suzuki Ertiga,,
Suzuki Escudo,,
Suzuki Esteem Cultus Crescent,,
Suzuki Every,,
Suzuki Fronte,,
Suzuki Grand Vitara,,
Suzuki GSX-R 4,,
Suzuki Ignis,,
Suzuki Jimny,,
Suzuki Kei,,
Suzuki Kizashi,,
Suzuki Landy,,
Suzuki Lapin,,
Suzuki Maruti Versa,,
Suzuki Mighty Boy,,
Suzuki MR Wagon,,
Suzuki Palette,,
Suzuki Reno,,
Suzuki S-Cross,,
Suzuki SJ,,
Suzuki Solio,,
Suzuki Splash,,
Suzuki Super Carry,,
Suzuki Swift,,
Suzuki Swift Dzire,,
Suzuki SX4,,
Suzuki Twin,,
Suzuki Vitara Suzuki Escudo Suzuki Sidekick Geo Tracker,,
Suzuki Wagon R,,
Suzuki X-90,,
Suzuki XL7,,
TACR2 (Range Rover),,
Tata Ace,,
Tata Ace Bata,,
Tata Ace Zip,,
Tata Aria,,
Tata Bolt,,
Tata Buses,,
Tata Construck,,
Tata Defence,,
Tata Indica,,
Tata Indigo,,
Tata Light Trucks,,
Tata M&HCV,,
Tata Magic,,
Tata Magic Iris,,
Tata Manza,,
Tata Manza Aura,,
Tata Manza Ini,,
Tata Movus Tata Sumo Grande,,
Tata Nano,,
Tata Pickups,,
Tata Prima,,
Tata Safari,,
Tata Safari Dicor,,
Tata Safari Storme,,
Tata Sumo,,
Tata Sumo Gold,,
Tata Sumo Grande,,
Tata Super Ace,,
Tata Super Ace MINT,,
Tata Tiago,,
Tata Tigor,,
Tata TL,,
Tata Ultra,,
Tata Venture,,
Tata Vista,,
Tata Winger,,
Tata Winger Platinum,,
Tata Xenon,,
Tata Xenon XT,,
Tata Zest,,
Tatra 11,,
Tatra 12,,
Tatra 15,,
Tatra 158 Phoenix,,
Tatra 163 Jamal,,
Tatra 17,,
Tatra 30 Sport,,
Tatra 54,,
Tatra 57,,
Tatra 603,,
Tatra 603 B6,,
Tatra 613,,
Tatra 700,,
Tatra 75,,
Tatra 77,,
Tatra 80,,
Tatra 810,,
Tatra 815,,
Tatra 815-7,,
Tatra 816 Force,,
Tatra 87,,
Tatra 97,,
Tatra MTX V8,,
Tatra NW A,,
Tatra NW B,,
Tatra NW C,,
Tatra NW D,,
Tatra NW E,,
Tatra NW Elektromobil,,
Tatra NW F,,
Tatra NW J,,
Tatra NW L,,
Tatra NW S,,
Tatra NW T,,
Tatra NW U,,
Tatra Präsident,,
Tatra Rennzweier,,
Tatra SPYDER,,
Tatra T-810,,
Tatra T107,,
Tatra T11,,
Tatra T111,,
Tatra T600 Tatraplan,,
Tatra T603,,
Tatra T613,,
Tatra T77,,
Tatra T813 ‘KOLOS,,
Tatra T815-7,,
Tatra T93,,
Tatra T97,,
Tatra TerrNo1,,
Tatra V570,,
Tesla Cybertruck,,
Tesla Model 3,,
Tesla Model S,,
Tesla Model X,,
Tesla Model Y,,
Tesla Roadster Sport 2.5,,
The Bentley Azure,,
The Bentley Blue Train,,
The Second Generation Z-Car: 280ZX,,
The silent sports car,,
Third-generation Chevrolet Camaro,,
Toyota 2000GT,,
Toyota 4500GT,,
Toyota 4Runner,,
Toyota 86,,
Toyota AA,,
Toyota AE85,,
Toyota Allion,,
Toyota Alphard,,
Toyota Aurion,,
Toyota Auris,,
Toyota Avalon,,
Toyota Avanza,,
Toyota Avanza Veloz,,
Toyota Avensis,,
Toyota Aygo,,
Toyota bB,,
Toyota Belta,,
Toyota Brevis,,
Toyota Caldina,,
Toyota Calya (also called Daihatsu Sigra),,
Toyota Camry,,
Toyota Camry Hybrid,,
Toyota Camry Solara,,
Toyota Camry TS-01,,
Toyota Carina,,
Toyota Carina ED,,
Toyota Carina II,,
Toyota Celica,,
Toyota Celica GT-Four,,
Toyota Celica XX,,
Toyota Century,,
Toyota Chaser,,
Toyota Classic,,
Toyota Coaster,,
Toyota Comfort,,
Toyota Condor,,
Toyota Corolla,,
Toyota Corolla Altis,,
Toyota Corolla Verso,,
Toyota Corona,,
Toyota Corona EXiV,,
Toyota Cressida,,
Toyota Cresta,,
Toyota Crown,,
Toyota Crown Comfort,,
Toyota Crown Comfort LPG,,
Toyota Crown Majesta,,
Toyota Curren,,
Toyota Dyna,,
Toyota eCom,,
Toyota Etios,,
Toyota FJ Cruiser,,
Toyota Fortuner,,
Toyota FT-1,,
Toyota FT-86 G Sports Concept,,
Toyota FT-CH Concept,,
Toyota FT-HS,,
Toyota FTX,,
Toyota G1,,
Toyota Gaia,,
Toyota Grand Hiace,,
Toyota Granvia,,
Toyota GT-One,,
Toyota Hiace,,
Toyota Highlander,,
Toyota Hilux,,
Toyota Hilux Surf,,
Toyota Hybrid X,,
Toyota i-unit,,
Toyota Innova,,
Toyota Ipsum,,
Toyota iQ,,
Toyota Isis,,
Toyota ist,,
Toyota Kijang,,
Toyota Land Cruiser,,
Toyota Land Cruiser 200,,
Toyota Land Cruiser Prado,,
Toyota Limo,,
Toyota LiteAce,,
Toyota Mark II,,
Toyota Mark II Blit,,
Toyota Mark X,,
Toyota Mark X ZiO,,
Toyota MasterAce,,
Toyota Matrix,,
Toyota Mega Cruiser,,
Toyota Motor Triathlon Race Car,,
Toyota MR2,,
Toyota Noah,,
Toyota Opa,,
Toyota Origin,,
Toyota Paseo (1991-1999),,
Toyota Platz,,
Toyota Pod,,
Toyota Porte,,
Toyota Prado,,
Toyota Premio,,
Toyota Previa,,
Toyota Prius,,
Toyota Prius C,,
Toyota Prius C concept,,
Toyota Prius Plug-in Hybrid,,
Toyota Prius v,,
Toyota Probox,,
Toyota Progrès,,
Toyota Publica,,
Toyota QuickDelivery,,
Toyota Ractis,,
Toyota Raum,,
Toyota Rav4,,
Toyota RAV4 EV,,
Toyota Regius,,
Toyota Revo,,
Toyota RSC,,
Toyota Rush,,
Toyota SA,,
Toyota Sai,,
Toyota Sequoia,,
Toyota Sera (1990-1995),,
Toyota Sienna,,
Toyota Sienta,,
Toyota Soarer,,
Toyota Sportivo Coupe,,
Toyota Sports 800,,
Toyota Sports EV Twin,,
Toyota Sprinter,,
Toyota Starlet (1973-1999),,
Toyota Starlet Glanza,,
Toyota Starlet GT Turbo,,
Toyota Stout,,
Toyota Succeed,,
Toyota Supra,,
Toyota T100,,
Toyota Tacoma,,
Toyota Tercel (1978-1999),,
Toyota TownAce,,
Toyota Trekker,,
Toyota TS010,,
Toyota Tundra,,
Toyota Vanguard,,
Toyota Venza,,
Toyota Verossa,,
Toyota Verso,,
Toyota Vios,,
Toyota Vios Exclusive 2016,,
Toyota Vista,,
Toyota Vitz,,
Toyota Voltz,,
Toyota Wigo,,
Toyota WiLL,,
Toyota Wish,,
Toyota Yaris,,
Toyota Yaris HSD Concept,,
Toyota Yaris Verso,,
Trident Roadster,,
Trumpchi GA3S,,
Trumpchi GA4,,
Trumpchi GA5,,
Trumpchi GA6,,
Trumpchi GA8,,
Trumpchi GE3,,
Trumpchi GM6,,
Trumpchi GM8,,
Trumpchi GS3,,
Trumpchi GS4,,
Trumpchi GS5,,
Trumpchi GS7,,
Turbo R,,
TVR 1600M,,
TVR 2500M,,
TVR 280i,,
TVR 3000M,,
TVR 3000M Turbo,,
TVR 3000S,,
TVR 3000S Turbo,,
TVR 350i,,
TVR 350SE,,
TVR 350SX,,
TVR 390SE,,
TVR 400SE,,
TVR 400SX,,
TVR 420 SEAC,,
TVR 420SE,,
TVR 420SEAC,,
TVR 450 SEAC,,
TVR 450SE,,
TVR 450SEAC,,
TVR Cerbera,,
TVR Cerbera Speed 12,,
TVR Chimaera,,
TVR Grantura,,
TVR Grantura 1800S,,
TVR Grantura II,,
TVR Grantura IIa,,
TVR Grantura III,,
TVR Grantura III 1800,,
TVR Grantura IV 1800S,,
TVR Grantura Mk2,,
TVR Griffith,,
TVR Griffith 200,,
TVR Jomar,,
TVR M Series,,
TVR No. 2,,
TVR Open Sports,,
TVR S,,
TVR S Series,,
TVR S2,,
TVR S3(C),,
TVR S4C,,
TVR Sagaris,,
TVR T350,,
TVR T37,,
TVR T440R,,
TVR Taimar,,
TVR Taimar Turbo,,
TVR Tamora,,
TVR Tasmin,,
TVR Tasmin 200,,
TVR Tasmin 280i,,
TVR Tuscan,,
TVR Tuscan Speed 6,,
TVR Tuscan V6,,
TVR Tuscan V8,,
TVR Typhon,,
TVR V8S,,
TVR Vixen,,
TVR Vixen 1300,,
TVR Vixen 2500,,
TVR Vixen S3,,
TVR Vixen S4,,
Vauxhall 10-4,,
Vauxhall 12 4,,
Vauxhall 14-6,,
Vauxhall 14 40,,
Vauxhall 14 6,,
Vauxhall 20 60,,
Vauxhall 23 60,,
Vauxhall 25,,
Vauxhall 25 70,,
Vauxhall 30 98,,
Vauxhall A-Type,,
Vauxhall Adam,,
Vauxhall Antara,,
Vauxhall Astra,,
Vauxhall Astra MK2,,
Vauxhall Astra VXR,,
Vauxhall Belmont,,
Vauxhall Cadet,,
Vauxhall Cadet VY and export VX,,
Vauxhall Carlton,,
Vauxhall Cascada,,
Vauxhall Cavalier,,
Vauxhall Chevette,,
Vauxhall Combo,,
Vauxhall Combo Tour,,
Vauxhall Corsa,,
Vauxhall Corsa VXR,,
Vauxhall Corsavan,,
Vauxhall Cresta,,
Vauxhall D-Type,,
Vauxhall Firenza,,
Vauxhall GTC,,
Vauxhall Insignia,,
Vauxhall Insignia VXR,,
Vauxhall Magnum,,
Vauxhall Meriva,,
Vauxhall Mokka,,
Vauxhall Movano,,
Vauxhall Prince Henry,,
Vauxhall Six,,
Vauxhall SRV,,
Vauxhall T,,
Vauxhall Ten,,
Vauxhall Velox,,
Vauxhall Victor,,
Vauxhall Viva,,
Vauxhall Vivaro,,
Vauxhall VX220,,
Vauxhall VXR8,,
Vauxhall VXR8 GTS,,
Vauxhall Wyvern,,
Vauxhall Zafira Tourer,,
VAZ-1111 Oka,,
VAZ-1118 Kalina,,
VAZ-2101 Zhiguli,,
VAZ-2102 Zhiguli,,
VAZ-2103,,
VAZ-2104,,
VAZ-2105,,
VAZ-2106,,
VAZ-2107,,
VAZ-2108 Sputnik,,
VAZ-2109,,
VAZ-21099,,
VAZ-2110,,
VAZ-21106,,
VAZ-2111,,
VAZ-2112,,
VAZ-2114,,
VAZ-2115 Samara 2,,
VAZ-2120 Nadezhda,,
VAZ-21213 21214,,
VAZ-2123,,
VAZ-21236,,
VAZ-21728 Priora Coupe,,
VAZ-2329,,
VAZ 2101,,
Viper Venom 1000 Twin Turbo,,
Volkswagen 1-litre car,,
Volkswagen 181,,
Volkswagen 276 Schlepperfahrzeug,,
Volkswagen Amarok,,
Volkswagen Apollo,,
Volkswagen ARVW,,
Volkswagen Atlas,,
Volkswagen Beetle,,
Volkswagen Bio Runner,,
Volkswagen Brasilia,,
Volkswagen Caddy,,
Volkswagen California,,
Volkswagen CC,,
Volkswagen Citi Golf,,
Volkswagen Concept BlueSport,,
Volkswagen Constellation,,
Volkswagen Corrado,,
Volkswagen Country Buggy,,
Volkswagen Crafter,,
Volkswagen Delivery,,
Volkswagen Derby,,
Volkswagen EA489 Basistransporter,,
Volkswagen Eos,,
Volkswagen Fox,,
Volkswagen GLI,,
Volkswagen Gol,,
Volkswagen Golf,,
Volkswagen Golf Cabriolet,,
Volkswagen Golf GTI ,,
Volkswagen Golf Mk1,,
Volkswagen Golf Mk2,,
Volkswagen Golf Mk3,,
Volkswagen Golf Mk4,,
Volkswagen Golf Mk5,,
Volkswagen Golf Mk6,,
Volkswagen Golf Variant,,
Volkswagen GTI,,
Volkswagen Iltis,,
Volkswagen Iroc,,
Volkswagen Jetta,,
Volkswagen Kübelwagen,,
Volkswagen K70,,
Volkswagen Karmann Ghia,,
Volkswagen Lavida,,
Volkswagen LT,,
Volkswagen Lupo,,
Volkswagen New Beetle,,
Volkswagen Passat,,
Volkswagen Phaeton,,
Volkswagen Polo,,
Volkswagen Polo GTI,,
Volkswagen Polo Hatchback,,
Volkswagen Polo Mk III,,
Volkswagen Polo Mk IV,,
Volkswagen Polo Mk5,,
Volkswagen Polo Playa,,
Volkswagen Polo Sedan,,
Volkswagen R32,,
Volkswagen Routan,,
Volkswagen Santana,,
Volkswagen Scirocco,,
Volkswagen Sharan,,
Volkswagen SP2,,
Volkswagen Thing,,
Volkswagen Tiguan,,
Volkswagen Touareg,,
Volkswagen Touran,,
Volkswagen Transporter,,
Volkswagen Type 147 Kleinlieferwagen,,
Volkswagen Type 14A,,
Volkswagen Type 18A,,
Volkswagen Type 2,,
Volkswagen Type 2 (T3),,
Volkswagen Type 3,,
Volkswagen Type 4,,
Volkswagen up!,,
Volkswagen W12,,
Volvo ÖV 4 (1927–1929),,
Volvo 140 Series,,
Volvo 164,,
Volvo 1800 ESC,,
Volvo 200 Series,,
Volvo 3CC (2005),,
Volvo 440 460,,
Volvo 480,,
Volvo 66 (1975–1980),,
Volvo 700 Series,,
Volvo 850,,
Volvo ACC (1997),,
Volvo ACC2 (2002),,
Volvo Amazon Volvo 122 (1956–1970),,
Volvo C202 (1981),,
Volvo C3-series (1974 – 1984),,
Volvo C30 (2006–2013),,
Volvo C70 (1997–2013),,
Volvo City Taxi (1977),,
Volvo Concept Coupe,,
Volvo Concept Estate,,
Volvo Concept XC Coupe,,
Volvo Concept You (2011),,
Volvo Duett (1953–1969),,
Volvo EC (1977),,
Volvo ECC (1992),,
Volvo Elisabeth I (1953),,
Volvo GTZ,,
Volvo L3314,,
Volvo LCP2000 (1983),,
Volvo Margarete Rose (1953),,
Volvo P1800 (1961–1973),,
Volvo P1900 (1956–1957),,
Volvo PCC (2001),,
Volvo PCC2 (2002),,
Volvo Philip (1952),,
Volvo PV 36 Carioca (1935-1938),,
Volvo PV 60 (1946–1950),,
Volvo PV444 544 (1944–1966),,
Volvo PV51-57,,
Volvo PV51 (1936-1945),,
Volvo PV650 Series (1929–1937),,
Volvo PV800 Series (1938-1958),,
Volvo PV801-10,,
Volvo PV821-4,,
Volvo ReCharge Concept (2007),,
Volvo S40 (1995–2012),,
Volvo S60 (2000–present),,
Volvo S60 Concept (2008),,
Volvo S80,,
Volvo S90,,
Volvo SCC (2001),,
Volvo T6 (2005),,
Volvo TR670 Series (1930–1937),,
Volvo Tundra (1979),,
Volvo Universe Concept (2011),,
Volvo V40,,
Volvo V40 Cross Country,,
Volvo V50 (2004–2012),,
Volvo V60,,
Volvo V90,,
Volvo V90 Cross Country,,
Volvo VCC (1980),,
Volvo Venus Bilo (1933),,
Volvo VESC (1972),,
Volvo XC60,,
Volvo XC60 Concept (2006),,
Volvo XC70,,
Volvo XC90,,
Volvo YCC (2004),,
Willys-Overland Jeepster,,
Willys CJ-2A (1940),,
Willys CJ-3B (1950),,
Willys Interlagos,,
Willys MA (1940),,
Willys MB (1940),,
X3 3.0i SAV,,
X5 3.0i SAV,,
X5 4.4i SAV,,
X5 4.8is SAV,,
Zenos E10,,
Zenos E10R,,
Zenos E10S,,
Zenos E11,,
Zenos E12,,
Zenvo ST1,,
Zenvo TS1 GT,,
Zenvo TSR,,
Zenvo TSR-S,,
